Workbook
Name BloatingTable: 'Bloating(do not use)'!$B$1:$G$17
Name BloatingTable2: 'Bloating(do not use)'!$B$2:$H$17
Name BloatingTable3: 'Bloating(do not use)'!$A$2:$H$17

Sheet Health Concern
B2: Health Concern
B3: Bloating
B4: Colic (infants)
B5: Constipation
B6: Daiarrhoea
B7: Dyspepsia
B8: Flatulence
B9: Poor Appetite
B10: Poor Digestion

Sheet Reference sheet
A1: body_system | B1: health_concern | C1: herb_name | D1: latin_name | E1: actions | F1: indications | G1: energetics | H1: safety | I1: dose_min_ml | J1: dose_max_ml | K1: dose_unit | L1: ratio
A2: Digestion & Liver | B2: Bloating | C2: Angelica | D2: Angelica archangelica | E2: Carminative, Diaphoretic | F2: Dyspepsia | G2: Warm, Aromatic | H2: Avoid during pregnancy and lactation | I2: 4 | J2: 6 | K2: mL | L2: 1:2
A3: Digestion & Liver | B3: Bloating | C3: Aniseed | D3: Pimpinella anisum | E3: Carminative | F3: Colic (Infants), Dyspepsia | G3: Warm, Aromatic | H3: Use with caution in pregnancy | I3: 1 | J3: 4 | K3: mL | L3: 1:2
A4: Digestion & Liver | B4: Bloating | C4: Chamomile | D4: Matricaria chamomilla | E4: Carminative, Nervine | F4: Colic (Infants), Dyspepsia | G4: Neutral, Bitter, Nervine | H4: Allergic reactions possible | I4: 4 | J4: 10 | K4: mL | L4: 1:2
A5: Digestion & Liver | B5: Bloating | C5: Cinnamon | D5: Cinnamomum verum | E5: Carminative, Astringent | F5: Diarrhoea, Dyspepsia | G5: Hot, Aromatic | H5: Avoid high doses during pregnancy | I5: 2 | J5: 8 | K5: mL | L5: 1:2
A6: Digestion & Liver | B6: Bloating | C6: Dandelion Root | D6: Taraxacum officinale radix | E6: Cholagogue, Diuretic | F6: Constipation, Dyspepsia | G6: Cool, Bitter | H6: Avoid in cases of bile duct obstruction | I6: 4 | J6: 16 | K6: mL | L6: 1:2
A7: Digestion & Liver | B7: Bloating | C7: Fennel | D7: Foeniculum vulgare | E7: Carminative | F7: Colic (Infants), Dyspepsia | G7: Warm, Aromatic | H7: Use with caution in pregnancy | I7: 2 | J7: 4 | K7: mL | L7: 1:2
A8: Digestion & Liver | B8: Bloating | C8: Gentian | D8: Gentiana lutea | E8: Bitter Tonic | F8: Dyspepsia | G8: Cold, Bitter | H8: Avoid with gastric or duodenal ulcers | I8: 4 | J8: 8 | K8: mL | L8: 1:2
A9: Digestion & Liver | B9: Bloating | C9: Ginger | D9: Zingiber officinale | E9: Carminative, Diaphoretic | F9: Dyspepsia | G9: Hot, Aromatic | H9: Use with caution in pregnancy | I9: 4 | J9: 8 | K9: mL | L9: 1:2
A10: Digestion & Liver | B10: Bloating | C10: Globe Artichoke | D10: Cynara scolymus | E10: Cholagogue, Hepatic | F10: Dyspepsia | G10: Cool, Bitter | H10: Avoid in cases of bile duct obstruction | I10: 4 | J10: 16 | K10: mL | L10: 1:2
A11: Digestion & Liver | B11: Bloating | C11: Greater Celandine | D11: Chelidonium majus | E11: Cholagogue, Hepatic | F11: Dyspepsia | G11: Cold, Bitter | H11: High doses can be toxic | I11: 4 | J11: 16 | K11: mL | L11: 1:2
A12: Digestion & Liver | B12: Bloating | C12: Kawakawa | D12: Piper excelsum | E12: Carminative, Diaphoretic | F12: Diarrhoea, Dyspepsia | G12: Hot, Aromatic | H12: Safe for most individuals | I12: 4 | J12: 12 | K12: mL | L12: 1:2
A13: Digestion & Liver | B13: Bloating | C13: Kohekohe | D13: Dysoxylum spectabile | E13: Astringent | F13: Diarrhoea | G13: Cool, Astringent | H13: Not well-studied for safety | I13: 2 | J13: 4 | K13: mL | L13: 1:2
... A17: Digestion & Liver | B17: Bloating | C17: Sage | D17: Salvia officinalis | E17: Astringent, Antiseptic | F17: Dyspepsia | G17: Warm, Aromatic | H17: Avoid during pregnancy and lactation | I17: 2 | J17: 8 | K17: mL | L17: 1:2

Sheet Bloating(do not use)
B1: Herbs | C1: Actions | D1: Indications | E1: Energetic Properties | F1: Safety Precautions | G1: Therapeutic Dosage
B2: Angelica | C2: Carminative, Diaphoretic | D2: Dyspepsia | E2: Warm, Aromatic | F2: Avoid during pregnancy and lactation | G2: Infusion: 2-3g dried root
B3: Aniseed | C3: Carminative | D3: Colic (Infants), Dyspepsia | E3: Warm, Aromatic | F3: Use with caution in pregnancy | G3: Infusion: 0.5-2g crushed seeds
B4: Chamomile | C4: Carminative, Nervine | D4: Colic (Infants), Dyspepsia | E4: Neutral, Bitter, Nervine | F4: Allergic reactions possible | G4: Infusion: 2-5g dried flowers
B5: Cinnamon | C5: Carminative, Astringent | D5: Diarrhoea, Dyspepsia | E5: Hot, Aromatic | F5: Avoid high doses during pregnancy | G5: Infusion: 1-4g powdered bark
B6: Dandelion Root | C6: Cholagogue, Diuretic | D6: Constipation, Dyspepsia | E6: Cool, Bitter | F6: Avoid in cases of bile duct obstruction | G6: Decoction: 2-8g dried root
B7: Fennel | C7: Carminative | D7: Colic (Infants), Dyspepsia | E7: Warm, Aromatic | F7: Use with caution in pregnancy | G7: Infusion: 1-2g crushed seeds
B8: Gentian | C8: Bitter Tonic | D8: Dyspepsia | E8: Cold, Bitter | F8: Avoid with gastric or duodenal ulcers | G8: Infusion: 2-4g dried root
B9: Ginger | C9: Carminative, Diaphoretic | D9: Dyspepsia | E9: Hot, Aromatic | F9: Use with caution in pregnancy | G9: Infusion: 2-4g dried rhizome
B10: Globe Artichoke | C10: Cholagogue, Hepatic | D10: Dyspepsia | E10: Cool, Bitter | F10: Avoid in cases of bile duct obstruction | G10: Infusion: 2-8g dried leaf
B11: Greater Celandine | C11: Cholagogue, Hepatic | D11: Dyspepsia | E11: Cold, Bitter | F11: High doses can be toxic | G11: Infusion: 2-8g dried herb
B12: Kawakawa | C12: Carminative, Diaphoretic | D12: Diarrhoea, Dyspepsia | E12: Hot, Aromatic | F12: Safe for most individuals | G12: Infusion: 2-6g dried leaves
... B17: Sage | C17: Astringent, Antiseptic | D17: Dyspepsia | E17: Warm, Aromatic | F17: Avoid during pregnancy and lactation | G17: Infusion: 1-4g dried leaves

Sheet Cardiovascular (update WIP)
A1: body_system | B1: health_concern | C1: herb_name | D1: latin_name | E1: actions | F1: indications | G1: energetics | H1: safety | I1: dose_min_ml | J1: dose_max_ml | K1: dose_unit | L1: ratio
A2: Cardiovascular | B2: Angina | C2: Bitter Melon | D2: Momordica charantia | E2: Hypotensive, Anti-inflammatory | F2: Active compounds like charantin and polypeptide-P in bitter melon may influence factors involved in blood pressure regulation. This contributes to its hypotensive properties also due to reducing inflammation, which is often associated with heart health issues. | G2: Cooling, bitter | H2: Avoid during pregnancy, breastfeeding, if trying to conceive, glucose-6-phosphate dehydrogenase deficiency. | I2: 25 | J2: 40 | K2: mL | L2: 1:2
A3: Cardiovascular | B3: Angina | C3: Coleus | D3: Coleus forskohlii | E3: Cardiotonic | F3: Increase cyclic AMP levels, which may relax blood vessels and improve blood flow. This mechanism could potentially alleviate angina symptoms. | G3: Warming, Aromatic | H3: Contraindicated with hypotension and peptic ulcers | I3: 20 | J3: 40 | K3: mL | L3: 1:1
A4: Cardiovascular | B4: Angina | C4: Dan Shen | D4: Salvia miltiorrhiza | E4: Cardioprotective | F4: Contains tanshinones and salvianolic acids, these compounds may help improve blood flow and protect cardiovascular health, potentially aiding angina management. | G4: Cooling, Bitter | H4: Contraindicated in pregnancy,Contraindicated with anticoagulants | I4: 30 | J4: 60 | K4: mL | L4: 1:2
A5: Cardiovascular | B5: Angina | C5: Dong Quai | D5: Angelica sinensis | E5: Cardiotonic, Antiplatele, Antiplatelet | F5: Helps regulate blood pressure and improves circulation, these effects could potentially alleviate angina symptoms.. | G5: Warming, Aromatic | H5: Caution with heavy menstruation,Contraindicated during pregnancy | I5: 25 | J5: 50 | K5: mL | L5: 1:2
A6: Cardiovascular | B6: Angina | C6: Ginger | D6: Zingiber officinale | E6: Anti-inflammatory, Antiplatelet, Peripheral circulatory stimulant | F6: The compounds in ginger improves blood flow, potentially relieving chest pain associated with angina. | G6: Warming, Aromatic, Stimulating | H6: Caution with peptic ulcers, gallstones and during pregnancy | I6: 20 | J6: 50 | K6: mL | L6: 1:1
A7: Cardiovascular | B7: Angina | C7: Hawthorn | D7: Crataegus species | E7: Antiocidant, Cardioprotective, Cardiotonic, Hypotensive | F7: Flavonoids and procyanidins have vasodilatory effects, potentially improving blood flow to the heart. It may also support heart health by reducing oxidative stress and enhancing nitric oxide production. | G7: Neutral to slightly warming, Bitter | H7: N/A* | I7: 40 | J7: 80 | K7: mL | L7: 1:2
A8: Cardiovascular | B8: Angina | C8: Kudzu | D8: Pueraria lobata | E8: Anti-inflammatory, Hypolipidaemic | F8: Contains isoflavones that may enhance blood vessel dilation and improve blood flow which contribute to managing angina symptoms. | G8: Cooling, Sweet | H8: Avoid during pregnancy. CYP450 inhibitor may affect hepatic drug metabolism. | I8: 25 | J8: 50 | K8: mL | L8: 1:2
A9: Cardiovascular | B9: Angina | C9: Lime Flower | D9: Tilia species | E9: Peripheral vasodilator, Sedative (Relaxant) | F9: Promotes relaxation of blood vessels and reduces blood pressure influence heart health by modulating ion channels and enhancing blood vessel relaxation. | G9: Cooling, Aromatic | H9: ake away from iron supplements | I9: 30 | J9: 60 | K9: mL | L9: 1:2
A10: Cardiovascular | B10: Angina | C10: Mistletoe | D10: Viscum album | E10: Hypotensive, Sedative (Relaxant ) | F10: Improve blood flow and regulate heart rate may be due to its impact on autonomic nervous system activity. It could contribute to angina management by enhancing cardiovascular function. | G10: Neutral, Bitter | H10: N/A* | I10: 20 | J10: 40 | K10: mL | L10: 1:2
A11: Cardiovascular | B11: Angina | C11: Olive | D11: Olea europaea | E11: Antioxidant, Hypotensive | F11: Helps reduce inflammation and supports heart health which inturn support blood vessel health and alleviate angina symptoms. | G11: Neutral | H11: N/A* | I11: 40 | J11: 70 | K11: mL | L11: 1:2
A12: Cardiovascular | B12: Angina | C12: Saffron | D12: Crocus sativus | E12: Anti-inflammatory, Antioxidant, Hypolipidemic, Hypotensive | F12: Cardiovascular diseases Helps reduce chest pain and improves blood flow. Due to effects on endothelial function potentially aiding in angina management. | G12: Warming, Aromatic | H12: N/A* | I12: 5 | J12: 10 | K12: mL | L12: 1:2
A13: Cardiovascular | B13: Angina | C13: Tienchi | D13: Panax Ginseng | E13: Antiarrhythmic, Anti-inflammatory, Cardioprotective, Hypocholesterolaemic | F13: Enhance blood circulation and reduce blood clot formation may contribute to cardiovascular health. These effects could help manage angina symptoms. | G13: Neutral to slightly warming, Bitter | H13: Contraindicated in pregnancy,High doses may cause nervousness and sleeplessness | I13: 5 | J13: 15 | K13: mL | L13: 1:2
A14: Cardiovascular | B14: Angina | C14: Turmeric | D14: Curcuma longa | E14: Anti-inflammatory, Antioxidant, Antiplatelet, Hypolipidaemic | F14: Cardiovascular protection. Supports cardiovascular health and reduces inflammation. Support blood vessel health and cardiovascular function, potentially benefiting angina management. | G14: Warming, Bitter | H14: Possible potentiation of antiplatelet effect with high doses of turmeric or curcumin | I14: 40 | J14: 80 | K14: mL | L14: 1.1
A15: Cardiovascular | B15: Arrhythmia | C15: Corydalis | D15: Corydalis ambigua/yanhusuo | E15: Anti-arrhythmic, Sedative (Relaxant) | F15: Helps regulate heart rhythm and reduces arrhythmia symptoms by influencing cardiac ion channels and neurotransmitter systems. | G15: Warming, Bitter, Dispersing | H15: Contraindicated during pregnancy | I15: 20-60ml | J15: (1:2)
A16: Cardiovascular | B16: Arrhythmia | C16: Hawthorn | D16: Crataegus species | E16: Antioxidant, Cardioprotective, Cardiotonic hypotensive | F16: Flavonoids and procyanidins may enhance blood vessel dilation and improve blood flow, potentially supporting cardiac function and reducing arrhythmia. Its potential effects on ion channels could also contribute to helong irregular heart rhythms | G16: Neutral to slightly warming, Bitter | H16: N/A* | I16: )15-50 ml | J16: (1:2)
A17: Cardiovascular | B17: Arrhythmia | C17: Lime Flowers | D17: Tilia species | E17: Peripheral vasodilator, Sedative (Relaxant) | F17: Hypertension, Promotes relaxation and reduces heart palpitations. | G17: Cooling, Aromatic | H17: N/A* | I17: )15 - 40 mL | J17: (1:2)
A18: Cardiovascular | B18: Arrhythmia | C18: Motherwort | D18: Leonurus cardiaca | E18: Anti-arrhythmic, Cardiotonic | F18: Palpitations, Helps regulate heart rhythm and reduces arrhythmia symptoms | G18: Neutral to slightly cooling, Bitter | H18: Caution during pregnancy | I18: )15 - 30 mL | J18: (1:2)
A19: Cardiovascular | B19: Arrhythmia | C19: Tienchi | D19: Ginseng Panax | E19: Antiarrhythmic, Anti-inflammatory, Cardioprotective, Hypocholesterolaemic | F19: Enhance blood circulation and reduce blood clot formation may contribute to cardiovascular health. Its effects on blood flow and circulation | G19: Neutral to slightly warming, Bitter | H19: Contraindicated in pregnancy,High doses may cause nervousness and sleeplessness

Sheet Cardiovascular
C1: Herbs | E1: Actions | F1: indication | G1: Energetic Proties | H1: Safety precaution | I1: Therapeutic Dosage | J1: ratio
B2: ANGINA
A3: Cardiovascular | B3: Angina | C3: Bitter Melon | D3: Momordica charantia | E3: Hypotensive,Anti-inflammatory | F3: Active compounds like charantin and polypeptide-P in bitter melon may influence factors involved in blood pressure regulation, contributing to its hypotensive properties also due to reducing inflammation, which is often associated with heart health issues. | G3: Cooling, bitter | H3: Avoid during pregnancy, breastfeeding, if trying to conceive, glucose-6-phosphate dehydrogenase deficiency. | I3: 30-60 ml | J3: (1:2)
A4: Cardiovascular | B4: Angina | C4: Coleus | D4: Coleus forskohlii | E4: Cardiotonic | F4: increase cyclic AMP levels, which may relax blood vessels and improve blood flow. This mechanism could potentially alleviate angina symptoms. | G4: Warming, Aromatic | H4: Contraindicated with hypotension and peptic ulcers | I4: 40-90 ml | J4: 1.1
A5: Cardiovascular | B5: Angina | C5: Dan Shen | D5: Salvia miltiorrhiza | E5: Cardioprotective | F5: contains tanshinones and salvianolic acids . These compounds may help improve blood flow and protect cardiovascular health, potentially aiding angina management. | G5: Cooling, Bitter | H5: Contraindicated in pregnancy,Contraindicated with anticoagulants | I5: 20-80 ml
A6: Cardiovascular | B6: Angina | C6: Dong Quai | D6: Angelica sinensis | E6: cardiotonic,Antiplatele,Antiplatelet | F6: Helps regulate blood pressure and improves circulation These effects could potentially alleviate angina symptoms.. | G6: Warming, Aromatic | H6: Caution with heavy menstruation,Contraindicated during pregnancy | I6: 30-60 ml | J6: (1:2)
A7: Cardiovascular | B7: Angina | C7: Ginger | D7: Zingiber officinale | E7: Anti-inflammatory,Antiplatelet,Peripheral circulatory stimulant | F7: The compounds in ginger -gingerols improve blood flow, potentially relieving chest pain associated with angina. | G7: Warming, Aromatic, Stimulating | H7: Caution with peptic ulcers, gallstones and during pregnancy | I7: 5-15ml | J7: 1.5
A8: Cardiovascular | B8: Angina | C8: Hawthorn | D8: Crataegus species | E8: Antiocidant,Cardioprotective,cardiotonic,hypotensive | F8: flavonoids and procyanidins have vasodilatory effects, potentially improving blood flow to the heart. It may also support heart health by reducing oxidative stress and enhancing nitric oxide production. | G8: Neutral to slightly warming, Bitter | H8: N/A* | I8: 15-50 ml | J8: (1:2)
A9: Cardiovascular | B9: Angina | C9: Kudzu | D9: Pueraria lobata | E9: Anti-inflammatory, hypolipidaemic | F9: contains isoflavones that may enhance blood vessel dilation and improve blood flow which contribute to managing angina symptoms. | G9: Cooling, Sweet | H9: Avoid during pregnancy. CYP450 inhibitor may affect hepatic drug metabolism. | I9: 25 - 70 mL | J9: (1:2)
A10: Cardiovascular | B10: Angina | C10: Lime Flower | D10: Tilia species | E10: Peripheral vasodilator,Sedative/relaxant | F10: Angina, Arrhythmia, Hypertension, Palpitations Promotes relaxation of blood vessels and reduces blood pressure influence heart health by modulating ion channels and enhancing blood vessel relaxation. | G10: Cooling, Aromatic | H10: ake away from iron supplements | I10: )15 - 40 mL | J10: (1:2)
A11: Cardiovascular | B11: Angina | C11: Mistletoe | D11: Viscum album | E11: hypotensive, sedative/relaxant | F11: mprove blood flow and regulate heart rate may be due to its impact on autonomic nervous system activity. It could contribute to angina management by enhancing cardiovascular function. | G11: Neutral, Bitter | H11: N/A* | I11: 20 - 40 mL | J11: (1:2)
A12: Cardiovascular | B12: Angina | C12: Olive | D12: Olea europaea | E12: antioxidant,hypotensive | F12: Angina,Hypertension - Helps reduce inflammation and supports heart health which inturn support blood vessel health and alleviate angina symptoms. | G12: Neutral | H12: N/A* | I12: 25 - 50 mL | J12: (1:2)
A13: Cardiovascular | B13: Angina | C13: Saffron | D13: Crocus sativus | E13: Anti-inflammatory,Antioxidant,Hypolipidemic,Hypotensive | F13: Cardiovascular diseases Helps reduce chest pain and improves blood flow.due to effects on endothelial function potentially aiding in angina management. | G13: Warming, Aromatic | H13: N/A* | I13: 10 - 25 mL | J13: (1:2)
A14: Cardiovascular | B14: Angina | C14: Tienchi Ginseng Panax notoginseng | E14: Antiarrhythmic,Anti-inflammatory,Cardioprotective,Hypocholesterolaemic | F14: Angina,Arrhymia,Hypocholesterolaemia nhance blood circulation and reduce blood clot formation may contribute to cardiovascular health. These effects could help manage angina symptoms. | G14: Neutral to slightly warming, Bitter | H14: Contraindicated in pregnancy,High doses may cause nervousness and sleeplessness | I14: : 30 - 60 mL | J14: (1:2)
A15: Cardiovascular | B15: Angina | C15: Turmeric | D15: Curcuma longa | E15: Anti-inflammatory,Antioxidant,Antiplatelet,Hypolipidaemic | F15: Cardiovascular protection ,Supports cardiovascular health and reduces inflammation. support blood vessel health and cardiovascular function, potentially benefiting angina management. | G15: Warming, Bitter | H15: Possible potentiation of antiplatelet effect with high doses of turmeric or curcumin | I15: 35 - 90 mL | J15: 1.1
A16: Cardiovascular | B16: Arrhythmia | C16: Corydalis | D16: Corydalis ambigua/yanhusuo | E16: Anti-arrhythmic,Sedative/relaxant | F16: Arrhythmia / Palpitations , Helps regulate heart rhythm and reduces arrhythmia symptoms by influencing cardiac ion channels and neurotransmitter systems. | G16: Warming, Bitter, Dispersing | H16: Contraindicated during pregnancy | I16: 20-60ml | J16: (1:2)
A17: Cardiovascular | B17: Arrhythmia | C17: Hawthorn | D17: Crataegus species | E17: antioxidant,cardioprotective,cardiotonic hypotensive | F17: flavonoids and procyanidins may enhance blood vessel dilation and improve blood flow, potentially supporting cardiac function and reducing arrhythmia. Its potential effects on ion channels could also contribute to helong irregular heart rhythms | G17: Neutral to slightly warming, Bitter | H17: N/A* | I17: )15-50 ml | J17: (1:2)
A18: Cardiovascular | B18: Arrhythmia | C18: Lime Flowers | D18: Tilia species | E18: Peripheral vasodilator,Sedative/relaxant | F18: Angina, Arrhythmia, Hypertension, Palpitations,Promotes relaxation and reduces heart palpitations. | G18: Cooling, Aromatic | H18: N/A* | I18: )15 - 40 mL | J18: (1:2)
A19: Cardiovascular | B19: Arrhythmia | C19: Motherwort | D19: Leonurus cardiaca | E19: Anti-arrhythmic,Cardiotonic | F19: Arrhythmia, Palpitations, Helps regulate heart rhythm and reduces arrhythmia symptoms | G19: Neutral to slightly cooling, Bitter | H19: Caution during pregnancy | I19: )15 - 30 mL | J19: (1:2)
A20: Cardiovascular | B20: Arrhythmia | C20: Tienchi | D20: Ginseng Panax | E20: Antiarrhythmic,Anti-inflammatory,Cardioprotective,Hypocholesterolaemic | F20: enhance blood circulation and reduce blood clot formation may contribute to cardiovascular health. Its effects on blood flow and circulation | G20: Neutral to slightly warming, Bitter | H20: Contraindicated in pregnancy,High doses may cause nervousness and sleeplessness
A21: Cardiovascular | B21: Capillary fragility | C21: Bilberry | D21: Vaccinium myrtillus | E21: Anti-inflmmatory,Antioxidant,Antioedema,Astringent,Vasoprotective | F21: Haemorrhoids,vericose veins ,brusing,capillary fragility contains anthocyanins that may strengthen capillaries and improve microcirculation. Its potential antioxidant effects could also contribute to capillary health by reducing oxidative stress. | G21: Cooling, Aromatic | H21: N/A* | I21: 20-40 ml | J21: 1.1
A22: Cardiovascular | B22: Capillary fragility | C22: Butchers Broom | D22: Ruscus aculeatus | E22: Anti inflmmatory,Venous Tonic | F22: Haemorrhoids,vericose veins ,brusing,capillary fragility ,Supports supporting blood vessel tone and reducing capillary fragility. It may also help reduce inflammation and improve circulation. | G22: Cooling, Bitter | H22: Caution with GORD (saponins may aggravate) | I22: (1:2) 25-50 ml | J22: (1:2)
A23: Cardiovascular | B23: Capillary fragility | C23: Ginkgo | D23: Ginkgo biloba | E23: Antioxidant,Cardiotonic,Circulatory Stimulant, | F23: Poor circulation, varicose veins, capillary fragility,flavonoids and terpenoids may improve blood flow, enhancing oxygen and nutrient delivery to tissues. This could potentially strengthen capillaries and reduce their fragility. | G23: Cooling, Aromatic | H23: N/A* | I23: (3:2) 30-60 ml | J23: 3.2
A24: Cardiovascular | B24: Capillary fragility | C24: Gotu Kola | D24: Centella asiatica | E24: Anti-inflammatory,Venous tonic | F24: Varicose veins, capillary fragility, haemorrhoids, bruisincontains triterpenoids that may support connective tissue health and collagen production. This could contribute to strengthening capillaries and reducing their susceptibility to damage. | G24: Cooling, Bitter | H24: N/A* | I24: (1:2) 20-40 ml | J24: (1:2)
A25: Cardiovascular | B25: Capillary fragility | C25: Horse Chestnut | D25: Aesculus hippocastanum | E25: Anti-inflammatory,Venous tonic | F25: Varicose veins, capillary fragility, haemorrhoids, bruising has been shown to improve capillary wall integrity by reducing inflammation and enhancing blood flow. It may also have vasoconstrictive effects that support vein health. | G25: Cooling, Bitter | H25: Caution with GORD (saponins can aggravate) Do not apply directly to broken skin,Caution with GORD ( (saponins can aggravate) | I25: (1:2) 15-40ml | J25: (1:2)
A26: Cardiovascular | B26: Circulation / Raynaud's Syndrome | C26: Cayenne | D26: Capsicum annuum | E26: Circulatory stimulant | F26: Poor circulation,Raynaud's,contains capsaicin that may enhance blood flow by dilating blood vessels and improving circulation. Its warming effects could also support peripheral circulation and alleviate symptoms of Raynaud's syndrome. | G26: Warming, Stimulating | H26: Caution with peptic ulcers and GORD | I26: (1:3)1-4 ml | J26: 1.3
A27: Cardiovascular | B27: Circulation / Raynaud's Syndrome | C27: Crampbark | D27: Viburnum opulus | E27: Cardioprotective,Anticoagulant,Peripheral vasodilator | F27: Supports blood circulation and reduces symptoms of Raynaud's Syndrome improved blood flow and circulation. It may also help relax smooth muscles, potentially supporting overall vascular health. | G27: Cooling, Astringent | H27: N/A* | I27: (1:2)5-30 ml | J27: (1:2)
A28: Cardiovascular | B28: Circulation / Raynaud's Syndrome | C28: Dan Shen | D28: Salvia miltiorrhiza | E28: Cardioprotective | F28: upport blood vessel health by reducing oxidative stress and inflammation. These effects could potentially improve circulation and alleviate symptoms of Raynaud's syndrome. | G28: Cooling, Bitter | H28: Contraindicated in pregnancy,Contraindicated with anticoagulants | I28: (1:2) 20-80 ml | J28: (1:2)
A29: Cardiovascular | B29: Circulation / Raynaud's Syndrome | C29: Dong Quai | D29: Angelica sinensis | E29: cardiotonic,Antiplatele,Antiplatelet | F29: improve blood flow and support vascular health. These properties could potentially help manage symptoms of Raynaud's syndrome. | G29: Warming, Aromatic | H29: Caution with heavy menstruation,Contraindicated during pregnancy | I29: (1:2) 30-60 ml | J29: (1:2)
A30: Cardiovascular | B30: Circulation / Raynaud's Syndrome | C30: Garlic | D30: Allium sativum | E30: antioxidant,cardiotonic,hypocholesterolaemic | F30: Hypertension,Hypercholesterolaemia , allicin and other sulfur compounds have potential vasodilatory effects that could improve blood circulation. Its ability to enhance nitric oxide production may contribute to improved vascular function. | G30: Warming, Stimulating, Dispersing | H30: N/A* | I30: (1:1)30-100mls | J30: 1.1
A31: Cardiovascular | B31: Circulation / Raynaud's Syndrome | C31: Ginger | D31: Zingiber officinale | E31: Anti-inflammatory,Antiplatelet,Peripheral circulatory stimulant | F31: gingerols have vasodilatory and anti-inflammatory effects that could enhance blood flow and circulation. Its warming properties may also alleviate symptoms associated with Raynaud's syndrome. | G31: Warming, Aromatic, Stimulating | H31: Caution with peptic ulcers, gallstones and during pregnancy | I31: (1:2)5-15 ml | J31: (1:2)
A32: Cardiovascular | B32: Circulation / Raynaud's Syndrome | C32: Ginkgo | D32: Ginkgo biloba | E32: Antioxidant,cardiotonic,Circulatory stimulant | F32: lavonoids and terpenoids improve blood flow by dilating blood vessels and enhancing oxygen delivery. Its potential antioxidant effects could also protect blood vessels and support vascular health. | G32: Cooling, Aromatic | H32: N/A* | I32: (3:2) 30-60 ml | J32: 3.2
A33: Cardiovascular | B33: Circulation / Raynaud's Syndrome | C33: Hawthorn | D33: Crataegus species | E33: Antioxidant,Cardioprotective,cardiotonic,hypotensive | F33: flavonoids and procyanidins enhance blood vessel dilation and improve circulation. Its potential effects on blood pressure and cardiac function may also contribute to improved vascular health. | G33: Neutral to slightly warming, Bitter | H33: N/A* | I33: (1:2) 15-50ml | J33: (1:2)
A34: Cardiovascular | B34: Circulation / Raynaud's Syndrome | C34: Horopito | D34: Pseudowintera colorata | E34: Anti-inflammatory, circulatory stimulant | F34: Circulatory insufficiency, Raynaud's syndrome,improving blood flow and circulation. Its potential to improve blood vessel function could contribute to managing Raynaud's syndrome. | G34: Warming, Stimulating | H34: Avoid large doses with acute gastritis or peptic ulcers,Caution in pregnancy due to lack of evidence | I34: (1:2)10-30ml | J34: (1:2)
A35: Cardiovascular | B35: Circulation / Raynaud's Syndrome | C35: Kawakawa | D35: Macropiper excelsum | E35: Anti-inflammatory,Circulatory stimulant | F35: contains polyphenols that may support blood vessel health and improve circulation. Its potential anti-inflammatory effects could also alleviate symptoms of Raynaud's syndrome. | G35: Warming, Stimulating | H35: Caution in pregnancy due to lack of evidence | I35: (1:2) 20-60 mls | J35: (1:2)
A36: Cardiovascular | B36: Circulation / Raynaud's Syndrome | C36: Prickly Ash | D36: Zanthoxylum clava-herculis | E36: Antirheumatic,Circulatory stimulant | F36: Hypotenstion,poor circulation,Varicose Veins,Haemorrhoids stimulate blood flow and improve circulation may be attributed to its constituents like alkaloids. Its warming effects could also support peripheral circulation. | G36: Warming, Stimulating, Dispersing | H36: N/A* | I36: (1:2) 10-30 ml | J36: (1:2)
A37: Cardiovascular | B37: Heart Failure | C37: Dan Shen | D37: Salvia miltiorrhiza | E37: Cardioprotective | F37: Supports cardiovascular function helps improve blood circulation, reduce oxidative stress, and support heart health by enhancing blood vessel function. | G37: Cooling, Bitter | H37: Contraindicated in pregnancy,Contraindicated with anticoagulants | I37: (1:2) 20-80 ml | J37: (1:2)
A38: Cardiovascular | B38: Heart Failure | C38: Garlic | D38: Allium sativum | E38: antioxidant,cardiotonic,hypocholesterolaemic | F38: llicin and other sulfur compounds have potential vasodilatory effects that may improve blood flow and reduce blood pressure. Its antioxidant properties could also contribute to heart health by reducing oxidative stress. | G38: Warming, Stimulating, Dispersing | H38: N/A* | I38: (1:2) 20-80 ml | J38: (1:2)
A39: Cardiovascular | B39: Heart Failure | C39: Hawthorn | D39: Crataegus species | E39: Antiocidant,Cardioprotective,cardiotonic,hypotensive | F39: flavonoids and procyanidins may enhance blood vessel dilation and improve circulation. Its potential effects on cardiac contractility and blood pressure could support heart function and alleviate symptoms of heart failure. | G39: Neutral to slightly warming, Bitter | H39: N/A* | I39: (1:2)15-50 ml | J39: (1:2)
A40: Cardiovascular | B40: Heart Failure | C40: White Horehound | D40: Marrubium vulgare | E40: Cardiotonic | F40: Cardiovascular conditions, Heart failure contains compounds like marrubiin that may have potential vasodilatory and cardiotonic effects. These properties could contribute to improving blood flow and cardiac function in cases of heart failure. | G40: Cooling, Bitter | H40: N/A*
A41: Cardiovascular | B41: Hypercholesterolaemia | C41: Bitter Melon | D41: Momordica charantia | E41: Hypotensive, Anti-inflammatory | F41: Helps regulate cholesterol levels due to it potential to influence lipid metabolism could contribute to managing hypercholesterolemia. | G41: Cooling, Bitter | H41: Avoid during pregnancy, breastfeeding, if trying to conceive, glucose-6-phosphate dehydrogenase deficiency. | I41: (1:2) 30-60 ml | J41: (1:2) | L41: =4*7 -> 28
A42: Cardiovascular | B42: Hypercholesterolaemia | C42: Fenugreek | D42: Trigonella foenum-graecum | E42: Anti-inflammatory,Hypocholesterolaemic,Hypolipidaemic | F42: contains soluble fiber and saponins that may help reduce cholesterol absorption and improve lipid metabolism. Its potential effects on bile acid synthesis and absorption could contribute to managing healthy cholesterol levels. | G42: Warming, Aromatic | H42: Caution with GORD - saponins can aggravate
A43: Cardiovascular | B43: Hypercholesterolaemia | C43: Garlic | D43: Allium sativum | E43: antioxidant,cardiotonic,hypocholesterolaemic | F43: Hypercholesterolaemia,Helps lower cholesterol levels and promotes heart health. allicin and other sulfur compounds may help lower cholesterol levels by reducing cholesterol synthesis and improving lipid metabolism. Its antioxidant effects could also contribute to cardiovascular health. | G43: Warming, Stimulating, Dispersing | H43: N/A* | I43: (1:1)30-100mls | J43: 1.1
A44: Cardiovascular | B44: Hypercholesterolaemia | C44: Globe Artichoke | D44: Cynara scolymus | E44: Hypolipidaemic,Hepatoprotective,Hepatotrophorestorative,Hypocholesterolaemic | F44: increase bile production and improve cholesterol metabolism. Its potential to enhance cholesterol excretion could contribute to managing hypercholesterolemia. | G44: Cooling, Bitter | H44: N/A* | I44: (1:2) 15 - 30 ml | J44: (1:2)
A45: Cardiovascular | B45: Hypercholesterolaemia | C45: Pomegranate | D45: Punica granatum | E45: Anti-inflammatory,Antioxidant | F45: Atherosclerosis,Cardiovascular disease,Helps reduce LDL cholesterol and supports cardiovascular health polyphenols, especially punicalagins, may have antioxidant and lipid-lowering effects. They could potentially inhibit cholesterol synthesis and reduce oxidative stress | G45: Cooling, Astringent | H45: N/A* | I45: (1:2)40-80ml | J45: (1:2)
A46: Cardiovascular | B46: Hypercholesterolaemia | C46: Tienchi Ginseng Panax notoginseng | E46: Antiarrhythmic,Anti-inflammatory,Cardioprotective,Hypocholesterolaemic | F46: improve blood circulation and reduce blood clot formation may contribute to cardiovascular health. Its effects on lipid metabolism and antioxidant properties could support cholesterol levels and improves cardiovascular health | G46: Neutral to slightly warming, Bitter | H46: Contraindicated in pregnancy,High doses may cause nervousness and sleeplessness
A47: Cardiovascular | B47: Hypercholesterolaemia | C47: Turmeric | D47: Curcuma longa | E47: Anti-inflammatory,Antixidant,Hypolipidaemic | F47: active compound, curcumin, may have lipid-lowering effects by inhibiting cholesterol synthesis and enhancing cholesterol excretion. Its potential anti-inflammatory effects could also contribute to cardiovascular health. | G47: Warming, Bitter | H47: Possible potentiation of antiplatelet effect with high doses of turmeric or curcumin | I47: (1;1) 35-90 ml | J47: 1.1
A48: Cardiovascular | B48: Hypercholesterolaemia | C48: Withania | D48: Withania somnifera | E48: Anti-inflammatory,Sedative/relaxant | F48: modulate lipid metabolism and reduce oxidative stress could contribute to managing hypercholesterolemia. Its adaptogenic effects may also indirectly support cardiovascular health. | G48: Neutral, Bitter | H48: N/A*
A49: Cardiovascular | B49: Hypertension | C49: Coleus | D49: Coleus forskohlii | E49: Cardiotonic | F49: Hypertension,Angina,Helps lower blood pressure.improving lipid metabolism and reducing cholesterol levels. These compounds could potentially inhibit cholesterol synthesis and improve lipid profiles. | G49: Warming, Aromatic | H49: Contraindicated with hypotension,and peptic ulcers | I49: (1:1)40-90ml | J49: 1.1
A50: Cardiovascular | B50: Hypertension | C50: Crampbark | D50: Viburnum opulus | E50: Cardioprotective,Anticoagulant,Peripheral vasodilator | F50: antispasmodic effects on smooth muscle, potentially leading to relaxation of blood vessels and contributing to lower blood pressure. | G50: Cooling, Astringent | H50: N/A* | I50: (1:2)5-30 ml | J50: (1:2)
A51: Cardiovascular | B51: Hypertension | C51: Dan Shen | D51: Salvia miltiorrhiza | E51: Cardioprotective | F51: contains compounds like tanshinones that may improve blood circulation and have vasodilatory effects. These properties could potentially help manage hypertension. | G51: Cooling, Bitter | H51: Contraindicated in pregnancy,Contraindicated with anticoagulants | I51: (1:2) 20-80 ml | J51: (1:2)
A52: Cardiovascular | B52: Hypertension | C52: Dandelion Leaf | D52: Taraxacum officinale folia | E52: Diuretic | F52: hypertension, Supports healthy blood pressure levels. rich in potassium, which can help regulate fluid balance and support healthy blood pressure levels by promoting sodium excretion. | G52: Cooling, Bitter | H52: N/A* | I52: (1:1)10 -40 ml | J52: 1.1
A53: Cardiovascular | B53: Hypertension | C53: Garlic | D53: Allium sativum | E53: antioxidant,cardiotonic,hypocholesterolaemic | F53: allicin and other sulfur compounds may contribute to vasodilation and improving blood flow. Its potential to relax blood vessels could support managing hypertension. | G53: Warming, Stimulating, Dispersing | H53: N/A* | I53: (1:1)30-100mls | J53: 1.1
A54: Cardiovascular | B54: Hypertension | C54: Hawthorn | D54: Crataegus species | E54: Antiocidant,Cardioprotective,cardiotonic,hypotensive | F54: flavonoids may enhance blood vessel dilation and improve blood circulation. Its potential effects on blood pressure regulation and cardiovascular health could help manage hypertension. | G54: Neutral to slightly warming, Bitter | H54: N/A* | I54: (1:2)15-50 ml | J54: (1:2)
A55: Cardiovascular | B55: Hypertension | C55: Lime Flower | D55: Tilia species | E55: Peripheral vasodilator,Sedative/relaxant | F55: Promotes relaxation and helps lower blood pressure. potential to relax smooth muscle. This relaxation could contribute to reducing blood pressure. | G55: Cooling, Aromatic | H55: N/A* | I55: (1:2)15 - 40 mL | J55: (1:2)
A56: Cardiovascular | B56: Hypertension | C56: Olive | D56: Olea europaea | E56: antioxidant,hypotensive | F56: shown potential vasodilatory effects by enhancing nitric oxide production. This mechanism could contribute to blood pressure regulation. | G56: Neutral | H56: N/A* | I56: (1:2)25-50 ml | J56: (1:2)
A57: Cardiovascular | B57: Hypertension | C57: Valerian | D57: Valeriana officinalis | E57: Sedative/relaxant | F57: elax smooth muscle and reduce stress and anxiety may indirectly help manage hypertension by promoting relaxation and reducing sympathetic nervous system activity. | G57: Cooling, Bitter | H57: N/A* | I57: (1:2)15-50 mls | J57: (1:2)
A58: Cardiovascular | B58: Hypertension | C58: Yarrow | D58: Achillea millefolium | E58: Anti inflammatory,Vasodilation, diuretic | F58: flavonoids may contribute to vasodilation and relax smooth muscle, potentially leading to lower blood pressure. | G58: Cooling, Aromatic, Dispersing | H58: N/A* | I58: (1:2) 15-40 mls | J58: (1:2)
A59: Cardiovascular | B59: Hypotension | C59: Ginkgo | D59: Ginkgo biloba | E59: Antioxidant,cardiotonic,Circulatory stimulant | F59: Helps increase blood pressure and improves circulation. flavonoids and terpenoids may have vasodilatory effects and improve blood circulation. These properties could potentially help raise blood pressure in cases of hypotension. | G59: Neutral, Bitter, Astringent | H59: N/A* | I59: (3:2) 30-60 ml | J59: 3..2
A60: Cardiovascular | B60: Hypotension | C60: Liquorice | D60: Glycyrrhiza glabra | E60: Anti inflmmatory,Adrenal tonic,Antioxidant | F60: Helps raise blood pressure and supports adrenal function contains glycyrrhizin, which can increase sodium reabsorption and water retention, leading to an increase in blood pressure. . | G60: Cooling, Sweet | H60: Contraindicated with hypertension, hypokalaemia, oedema, congestive heart failure | I60: (1:1)10-30ml | J60: 1.1
A61: Cardiovascular | B61: Hypotension | C61: Prickly Ash | D61: Zanthoxylum clava-herculis | E61: Antirheumatic,Circulatory stimulant | F61: ontains compounds that may stimulate blood flow and improve circulation. Its potential to enhance blood vessel tone could contribute to raising blood pressure. | G61: Warming, Stimulating, Dispersing | H61: N/A* | I61: (1:2) 10-30 ml | J61: (1:2)
A62: Cardiovascular | B62: Hypotension | C62: Rehmania | D62: Rehmania glutinosa | E62: Anti-inflammatory,Adrenal tonic | F62: contains iridoid glycosides that may help regulate blood pressure. It has been used traditionally to tonify the blood and support circulatory function, potentially aiding in hypotension. | G62: Cooling, Bitter | H62: Caution during pregnancy | I62: (1:2) 20-60 mls | J62: (1:2)
A63: Cardiovascular | B63: Palpitations | C63: Corydalis | D63: Corydalis ambigua/yanhusuo | E63: Anti-arrhythmic,Sedative/relaxant | F63: potential to calm the nervous system and reduce stress could indirectly help manage palpitations. | G63: Warming, Bitter, Dispersing | H63: Contraindicated during pregnancy | I63: (1:2) 20-60ml | J63: (1:2)
A64: Cardiovascular | B64: Palpitations | C64: Dan Shen | D64: Salvia miltiorrhiza | E64: Cardioprotective | F64: potential to support cardiovascular health. Its antioxidant and vasodilatory effects could contribute to managing palpitations | G64: Cooling, Bitter | H64: Contraindicated in pregnancy,Contraindicated with anticoagulants | I64: (1:2) 20-80 ml | J64: (1:2)
A65: Cardiovascular | B65: Palpitations | C65: Dong Quai | D65: Angelica sinensis | E65: cardiotonic,Antiplatele,Antiplatelet | F65: improve blood circulation and relax smooth muscles could indirectly contribute to managing palpitations by promoting cardiovascular well-being. | G65: Warming, Aromatic | H65: Contraindicated during pregnancy | I65: (1:2) 30-60 ml | J65: (1:2)
A66: Cardiovascular | B66: Palpitations | C66: Hawthorn | D66: Crataegus species | E66: Antiocidant,Cardioprotective,cardiotonic,hypotensive | F66: flavonoids have vasodilatory and cardio-protective effects. Its potential to improve blood flow and enhance heart function could help manage palpitations. | G66: Neutral to slightly warming, Bitter | H66: N/a* | I66: (1:2)15-50 ml | J66: (1:2)
A67: Cardiovascular | B67: Palpitations | C67: Lime Flowers | D67: Tilia species | E67: Peripheral vasodilator,Sedative/relaxant | F67: potential to relax smooth muscles and promote relaxation could contribute to managing stress-related palpitations. | G67: Cooling, Aromatic | H67: N/a* | I67: (1:2)15 - 40 mL | J67: (1:2)
A68: Cardiovascular | B68: Palpitations | C68: Motherwort | D68: Leonurus cardiaca | E68: Anti-arrhythmic,Cardiotonic | F68: traditionally used for heart-related issues. Its potential to relax blood vessels, support heart function, and calm the nervous system could contribute to managing palpitations. | G68: Neutral to slightly cooling, Bitter | H68: Caution during pregnancy | I68: (1:20 15-30 mls | J68: (1:2)
A69: Cardiovascular | B69: Palpitations | C69: Passionflower | D69: Passiflora incarnata | E69: Anxiolytic,Hypnotic,Sedative/relaxant | F69: Aneixty,Palpitations, Calms the nervous system potential to reduce anxiety and promote relaxation could help manage palpitations triggered by stress. | G69: Cooling, Bitter | H69: N/a* | I69: (1:2) 15-40 mls | J69: (1:2)
A70: Cardiovascular | B70: Palpitations | C70: Zizyphus | D70: Zizyphus spinosa | E70: Anxiolytic,Hypnotic,Sedative/relaxant,Hypotensive | F70: Anexity,Stress,Hypertension,palpitations,Night sweats ,support relaxation and sleep. Its potential calming effects could help manage palpitations associated with anxiety and stress. | G70: Neutral to slightly warming, Bitte | H70: N/a* | I70: (1:2) 30-80 | J70: (1:2)
A71: Cardiovascular | B71: Thrombophlebitis | C71: Butchers Broom | D71: Ruscus aculeatus | E71: Anti inflmmatory,Venous Tonic | F71: Bruising,capillary fragility,haemorrhoids,vericose veins ,support blood vessel tone and reduce inflammation. Its vasoconstrictive properties could help alleviate symptoms associated with thrombophlebitis. | G71: Cooling, Bitter | H71: Caution with GORD (saponins may aggravate) | I71: (1:2) 25-50 ml | J71: (1:2)
A72: Cardiovascular | B72: Thrombophlebitis | C72: Gotu Kola | D72: Centella asiatica | E72: Antioxidant,Cardiotonic,Circulatory Stimulant, | F72: Varicose veins, capillary fragility, haemorrhoids, bruising triterpenoids that may enhance collagen production and improve blood circulation. Its potential to support connective tissue health and vascular function could aid in managing thrombophlebitis.. | G72: Cooling, Bitter | H72: N/A* | I72: (1:2) 20-40 ml | J72: (1:2)
A73: Cardiovascular | B73: Thrombophlebitis | C73: Horse Chestnut | D73: Aesculus hippocastanum | E73: Venous tonic,Anti-inflammatory | F73: Varicose veins/insufficiency,haemorrhoids,capillary fragility ,bruising , strengthen blood vessel walls and reduce inflammation. Its effects on improving venous circulation could contribute to managing thrombophlebitis. | G73: Cooling, Astringent | H73: Caution with GORD (saponins can aggravate),Do not apply directly to broken skin | I73: (1:2) 15-40mls | J73: (1:2)
A74: Cardiovascular | B74: Varicose Veins | C74: Bilberry | D74: Vaccinium myrtillus | E74: Vasoprotective,Astringent,Antioxidant,Anti-inflammatory | F74: Brusing,Capillary fraglility ,Haemorrhoids,Vearicose veins ,anthocyanins may have antioxidant and vasoprotective effects, potentially supporting blood vessel health and circulation. This could aid in managing varicose veins. | G74: Cooling, Aromatic | H74: N/A* | I74: (1:1) 20-40 | J74: 1.1
A75: Cardiovascular | B75: Varicose Veins | C75: Butchers Broom | D75: Ruscus aculeatus | E75: Anti inflmmatory,Venous Tonic | F75: Bruising,capillary fragility,haemorrhoids,vericose veins ,help tone blood vessels and reduce inflammation. Its potential to improve vein function and alleviate swelling could support varicose vein management. | G75: Cooling, Bitter | H75: Caution with GORD (saponins may aggravate) | I75: (1:2) 25-50 ml | J75: (1:2)
A76: Cardiovascular | B76: Varicose Veins | C76: Ginkgo | D76: Ginkgo biloba | E76: Antioxidant,Cardiotonic,Circulatory Stimulant, | F76: improves blood circulation and supports vein health. flavonoids and terpenoids have been studied for their potential to enhance blood circulation and strengthen blood vessels | G76: Cooling, Aromatic | H76: N/A* | I76: (3:2) 30-60 ml | J76: 3.2
A77: Cardiovascular | B77: Varicose Veins | C77: Gotu Kola | D77: Centella asiatica | E77: Anti-inflammatory,Venous tonic | F77: Varicose veins, capillary fragility, haemorrhoids, bruising,triterpenoids may support connective tissue health and enhance collagen production. Its potential effects on strengthening blood vessel walls and improving circulation could aid in managing varicose veins. | G77: Cooling, Bitter | H77: N/A* | I77: (1:2) 20-40 ml | J77: (1:2)
A78: Cardiovascular | B78: Varicose Veins | C78: Hawthorn | D78: Crataegus species | E78: Antiocidant,Cardioprotective,cardiotonic,hypotensive | F78: Supports cardiovascular health and improves blood flow. flavonoids may have vasodilatory and cardio-protective effects. Its potential to improve blood flow and enhance heart function could support overall cardiovascular health, potentially helping with varicose veins. | G78: Neutral to slightly warming, Bitter | H78: N/A* | I78: (1:2)15-50 ml | J78: (1:2)
A79: Cardiovascular | B79: Varicose Veins | C79: Horse Chestnut | D79: Aesculus hippocastanum | E79: Anti-inflammatory,Venous tonic | F79: Varicose veins ,venous insufficiency,haemorrhoids,capillary fragility potential to strengthen blood vessels and reduce inflammation. Its effects on improving venous tone and reducing swelling could aid in varicose vein management. | G79: Cooling, Astringent | H79: Caution with GORD (saponins can aggravate),Do not apply directly to broken skin | I79: (1:2) 15-40mls | J79: (1:2)
A80: Cardiovascular | B80: Varicose Veins | C80: Prickly Ash: | D80: Zanthoxylum clava-herculis | E80: Antirheumatic,Circulatory stimulant | F80: Supports blood circulation and reduces discomfort in varicose veins. improve blood circulation and stimulate blood flow could contribute to managing varicose veins by reducing stagnation and improving venous tone. | G80: Warming, Stimulating, Dispersing | H80: N/A* | I80: (1:2) 10-30 ml | J80: (1:2)
A81: Cardiovascular | B81: Varicose Veins | C81: Yarrow | D81: Achillea millefolium | E81: Anti inflammatory,Vasodilation, diuretic | F81: Supports vein health and improves blood circulatio. support blood vessel health and reduce inflammation could aid in managing varicose veins. | G81: Cooling, Aromatic, Dispersing | H81: N/A* | I81: (1:2) 15-40 mls | J81: (1:2)
A82: Cardiovascular | B82: Topically | C82: Agrimony | D82: Agrimonia eupatoria | E82: Astringent | F82: can be applied topically to alleviate symptoms of varicose veins, haemorrhoids | G82: Cooling, Astringent | H82: N/A * - Do not apply directly to broken skin | I82: (1:2) 15-30 ml
A83: Cardiovascular | B83: Topically | C83: Arnica | D83: Arnica montana | E83: Analgesic,Anti-inflammatory | F83: can be applied topically to alleviate symptoms of varicose veins,bruising | G83: Warming, Stimulating, Dispersing | H83: For external use only,Do not apply directly to broken skin | I83: (1:5) | J83: 1.5
A84: Cardiovascular | B84: Topically | C84: Calendula | D84: Calendula officinalis | E84: Anti-inflammatory,Vulnerary | F84: can be applied topically to alleviate symptoms of haemorrhoids, varicose veins | G84: Neutral, Aromatic | H84: Do not apply directly to broken skin,Caution with topical use in case of allergy | I84: (1:2) 10-25 mls | J84: (1:2)
A85: Cardiovascular | B85: Topically | C85: Witchhazel | D85: Hamamelis virginiana | E85: Anti-inflammatory,Astringent | F85: can be applied topically to alleviate symptoms of varicose veins,haemorrhoids, varicose veins, wound healing | G85: Cooling, Astringent | H85: Do not apply directly to broken skin | I85: (1;5) 20-50 mls | J85: 1.5

Sheet Digestion & Liver
B2: Select Health Concern: | C2: Bloating
B4: Herbs | C4: Actions | D4: Indications | E4: Energetic Properties | F4: Safety Precautions | G4: Therapeutic Dosage
B5: =OFFSET(BloatingTable2,MATCH('Health Concern'!$B$3,'Digestion & Liver'!$C$2,0)-1,0,1,COLUMNS(BloatingTable2)) -> Angelica | C5: =OFFSET(BloatingTable2,MATCH('Health Concern'!$B$3,'Digestion & Liver'!$C$2,0)-1,0,1,COLUMNS(BloatingTable2)) -> Carminative, Diaphoretic | D5: =OFFSET(BloatingTable2,MATCH('Health Concern'!$B$3,'Digestion & Liver'!$C$2,0)-1,0,1,COLUMNS(BloatingTable2)) -> Dyspepsia | E5: =OFFSET(BloatingTable2,MATCH('Health Concern'!$B$3,'Digestion & Liver'!$C$2,0)-1,0,1,COLUMNS(BloatingTable2)) -> Warm, Aromatic | F5: =OFFSET(BloatingTable2,MATCH('Health Concern'!$B$3,'Digestion & Liver'!$C$2,0)-1,0,1,COLUMNS(BloatingTable2)) -> Avoid during pregnancy and lactation | G5: =OFFSET(BloatingTable2,MATCH('Health Concern'!$B$3,'Digestion & Liver'!$C$2,0)-1,0,1,COLUMNS(BloatingTable2)) -> Infusion: 2-3g dried root
B6: =OFFSET(BloatingTable2,MATCH('Health Concern'!$B$3,'Digestion & Liver'!$C$2,0), 0,1,COLUMNS(BloatingTable2)) -> Aniseed | C6: =OFFSET(BloatingTable2,MATCH('Health Concern'!$B$3,'Digestion & Liver'!$C$2,0), 0,1,COLUMNS(BloatingTable2)) -> Carminative | D6: =OFFSET(BloatingTable2,MATCH('Health Concern'!$B$3,'Digestion & Liver'!$C$2,0), 0,1,COLUMNS(BloatingTable2)) -> Colic (Infants), Dyspepsia | E6: =OFFSET(BloatingTable2,MATCH('Health Concern'!$B$3,'Digestion & Liver'!$C$2,0), 0,1,COLUMNS(BloatingTable2)) -> Warm, Aromatic | F6: =OFFSET(BloatingTable2,MATCH('Health Concern'!$B$3,'Digestion & Liver'!$C$2,0), 0,1,COLUMNS(BloatingTable2)) -> Use with caution in pregnancy | G6: =OFFSET(BloatingTable2,MATCH('Health Concern'!$B$3,'Digestion & Liver'!$C$2,0), 0,1,COLUMNS(BloatingTable2)) -> Infusion: 0.5-2g crushed seeds
B7: =OFFSET(BloatingTable2,MATCH('Health Concern'!$B$3,'Digestion & Liver'!$C$2,0)+1, 0,1,COLUMNS(BloatingTable2)) -> Chamomile | C7: =OFFSET(BloatingTable2,MATCH('Health Concern'!$B$3,'Digestion & Liver'!$C$2,0)+1, 0,1,COLUMNS(BloatingTable2)) -> Carminative, Nervine | D7: =OFFSET(BloatingTable2,MATCH('Health Concern'!$B$3,'Digestion & Liver'!$C$2,0)+1, 0,1,COLUMNS(BloatingTable2)) -> Colic (Infants), Dyspepsia | E7: =OFFSET(BloatingTable2,MATCH('Health Concern'!$B$3,'Digestion & Liver'!$C$2,0)+1, 0,1,COLUMNS(BloatingTable2)) -> Neutral, Bitter, Nervine | F7: =OFFSET(BloatingTable2,MATCH('Health Concern'!$B$3,'Digestion & Liver'!$C$2,0)+1, 0,1,COLUMNS(BloatingTable2)) -> Allergic reactions possible | G7: =OFFSET(BloatingTable2,MATCH('Health Concern'!$B$3,'Digestion & Liver'!$C$2,0)+1, 0,1,COLUMNS(BloatingTable2)) -> Infusion: 2-5g dried flowers
B8: =OFFSET(BloatingTable2,MATCH('Health Concern'!$B$3,'Digestion & Liver'!$C$2,0)+2, 0,1,COLUMNS(BloatingTable2)) -> Cinnamon | C8: =OFFSET(BloatingTable2,MATCH('Health Concern'!$B$3,'Digestion & Liver'!$C$2,0)+2, 0,1,COLUMNS(BloatingTable2)) -> Carminative, Astringent | D8: =OFFSET(BloatingTable2,MATCH('Health Concern'!$B$3,'Digestion & Liver'!$C$2,0)+2, 0,1,COLUMNS(BloatingTable2)) -> Diarrhoea, Dyspepsia | E8: =OFFSET(BloatingTable2,MATCH('Health Concern'!$B$3,'Digestion & Liver'!$C$2,0)+2, 0,1,COLUMNS(BloatingTable2)) -> Hot, Aromatic | F8: =OFFSET(BloatingTable2,MATCH('Health Concern'!$B$3,'Digestion & Liver'!$C$2,0)+2, 0,1,COLUMNS(BloatingTable2)) -> Avoid high doses during pregnancy | G8: =OFFSET(BloatingTable2,MATCH('Health Concern'!$B$3,'Digestion & Liver'!$C$2,0)+2, 0,1,COLUMNS(BloatingTable2)) -> Infusion: 1-4g powdered bark
B9: =OFFSET(BloatingTable2,MATCH('Health Concern'!$B$3,'Digestion & Liver'!$C$2,0)+3, 0,1,COLUMNS(BloatingTable2)) -> Dandelion Root | C9: =OFFSET(BloatingTable2,MATCH('Health Concern'!$B$3,'Digestion & Liver'!$C$2,0)+3, 0,1,COLUMNS(BloatingTable2)) -> Cholagogue, Diuretic | D9: =OFFSET(BloatingTable2,MATCH('Health Concern'!$B$3,'Digestion & Liver'!$C$2,0)+3, 0,1,COLUMNS(BloatingTable2)) -> Constipation, Dyspepsia | E9: =OFFSET(BloatingTable2,MATCH('Health Concern'!$B$3,'Digestion & Liver'!$C$2,0)+3, 0,1,COLUMNS(BloatingTable2)) -> Cool, Bitter | F9: =OFFSET(BloatingTable2,MATCH('Health Concern'!$B$3,'Digestion & Liver'!$C$2,0)+3, 0,1,COLUMNS(BloatingTable2)) -> Avoid in cases of bile duct obstruction | G9: =OFFSET(BloatingTable2,MATCH('Health Concern'!$B$3,'Digestion & Liver'!$C$2,0)+3, 0,1,COLUMNS(BloatingTable2)) -> Decoction: 2-8g dried root
B10: =OFFSET(BloatingTable2,MATCH('Health Concern'!$B$3,'Digestion & Liver'!$C$2,0)+4, 0,1,COLUMNS(BloatingTable2)) -> Fennel | C10: =OFFSET(BloatingTable2,MATCH('Health Concern'!$B$3,'Digestion & Liver'!$C$2,0)+4, 0,1,COLUMNS(BloatingTable2)) -> Carminative | D10: =OFFSET(BloatingTable2,MATCH('Health Concern'!$B$3,'Digestion & Liver'!$C$2,0)+4, 0,1,COLUMNS(BloatingTable2)) -> Colic (Infants), Dyspepsia | E10: =OFFSET(BloatingTable2,MATCH('Health Concern'!$B$3,'Digestion & Liver'!$C$2,0)+4, 0,1,COLUMNS(BloatingTable2)) -> Warm, Aromatic | F10: =OFFSET(BloatingTable2,MATCH('Health Concern'!$B$3,'Digestion & Liver'!$C$2,0)+4, 0,1,COLUMNS(BloatingTable2)) -> Use with caution in pregnancy | G10: =OFFSET(BloatingTable2,MATCH('Health Concern'!$B$3,'Digestion & Liver'!$C$2,0)+4, 0,1,COLUMNS(BloatingTable2)) -> Infusion: 1-2g crushed seeds
B11: =OFFSET(BloatingTable2,MATCH('Health Concern'!$B$3,'Digestion & Liver'!$C$2,0)+5, 0,1,COLUMNS(BloatingTable2)) -> Gentian | C11: =OFFSET(BloatingTable2,MATCH('Health Concern'!$B$3,'Digestion & Liver'!$C$2,0)+5, 0,1,COLUMNS(BloatingTable2)) -> Bitter Tonic | D11: =OFFSET(BloatingTable2,MATCH('Health Concern'!$B$3,'Digestion & Liver'!$C$2,0)+5, 0,1,COLUMNS(BloatingTable2)) -> Dyspepsia | E11: =OFFSET(BloatingTable2,MATCH('Health Concern'!$B$3,'Digestion & Liver'!$C$2,0)+5, 0,1,COLUMNS(BloatingTable2)) -> Cold, Bitter | F11: =OFFSET(BloatingTable2,MATCH('Health Concern'!$B$3,'Digestion & Liver'!$C$2,0)+5, 0,1,COLUMNS(BloatingTable2)) -> Avoid with gastric or duodenal ulcers | G11: =OFFSET(BloatingTable2,MATCH('Health Concern'!$B$3,'Digestion & Liver'!$C$2,0)+5, 0,1,COLUMNS(BloatingTable2)) -> Infusion: 2-4g dried root
B12: =OFFSET(BloatingTable2,MATCH('Health Concern'!$B$3,'Digestion & Liver'!$C$2,0)+6, 0,1,COLUMNS(BloatingTable2)) -> Ginger | C12: =OFFSET(BloatingTable2,MATCH('Health Concern'!$B$3,'Digestion & Liver'!$C$2,0)+6, 0,1,COLUMNS(BloatingTable2)) -> Carminative, Diaphoretic | D12: =OFFSET(BloatingTable2,MATCH('Health Concern'!$B$3,'Digestion & Liver'!$C$2,0)+6, 0,1,COLUMNS(BloatingTable2)) -> Dyspepsia | E12: =OFFSET(BloatingTable2,MATCH('Health Concern'!$B$3,'Digestion & Liver'!$C$2,0)+6, 0,1,COLUMNS(BloatingTable2)) -> Hot, Aromatic | F12: =OFFSET(BloatingTable2,MATCH('Health Concern'!$B$3,'Digestion & Liver'!$C$2,0)+6, 0,1,COLUMNS(BloatingTable2)) -> Use with caution in pregnancy | G12: =OFFSET(BloatingTable2,MATCH('Health Concern'!$B$3,'Digestion & Liver'!$C$2,0)+6, 0,1,COLUMNS(BloatingTable2)) -> Infusion: 2-4g dried rhizome
B13: =OFFSET(BloatingTable2,MATCH('Health Concern'!$B$3,'Digestion & Liver'!$C$2,0)+7, 0,1,COLUMNS(BloatingTable2)) -> Globe Artichoke | C13: =OFFSET(BloatingTable2,MATCH('Health Concern'!$B$3,'Digestion & Liver'!$C$2,0)+7, 0,1,COLUMNS(BloatingTable2)) -> Cholagogue, Hepatic | D13: =OFFSET(BloatingTable2,MATCH('Health Concern'!$B$3,'Digestion & Liver'!$C$2,0)+7, 0,1,COLUMNS(BloatingTable2)) -> Dyspepsia | E13: =OFFSET(BloatingTable2,MATCH('Health Concern'!$B$3,'Digestion & Liver'!$C$2,0)+7, 0,1,COLUMNS(BloatingTable2)) -> Cool, Bitter | F13: =OFFSET(BloatingTable2,MATCH('Health Concern'!$B$3,'Digestion & Liver'!$C$2,0)+7, 0,1,COLUMNS(BloatingTable2)) -> Avoid in cases of bile duct obstruction | G13: =OFFSET(BloatingTable2,MATCH('Health Concern'!$B$3,'Digestion & Liver'!$C$2,0)+7, 0,1,COLUMNS(BloatingTable2)) -> Infusion: 2-8g dried leaf
B14: =OFFSET(BloatingTable2,MATCH('Health Concern'!$B$3,'Digestion & Liver'!$C$2,0)+8, 0,1,COLUMNS(BloatingTable2)) -> Greater Celandine | C14: =OFFSET(BloatingTable2,MATCH('Health Concern'!$B$3,'Digestion & Liver'!$C$2,0)+8, 0,1,COLUMNS(BloatingTable2)) -> Cholagogue, Hepatic | D14: =OFFSET(BloatingTable2,MATCH('Health Concern'!$B$3,'Digestion & Liver'!$C$2,0)+8, 0,1,COLUMNS(BloatingTable2)) -> Dyspepsia | E14: =OFFSET(BloatingTable2,MATCH('Health Concern'!$B$3,'Digestion & Liver'!$C$2,0)+8, 0,1,COLUMNS(BloatingTable2)) -> Cold, Bitter | F14: =OFFSET(BloatingTable2,MATCH('Health Concern'!$B$3,'Digestion & Liver'!$C$2,0)+8, 0,1,COLUMNS(BloatingTable2)) -> High doses can be toxic | G14: =OFFSET(BloatingTable2,MATCH('Health Concern'!$B$3,'Digestion & Liver'!$C$2,0)+8, 0,1,COLUMNS(BloatingTable2)) -> Infusion: 2-8g dried herb
B15: =OFFSET(BloatingTable2,MATCH('Health Concern'!$B$3,'Digestion & Liver'!$C$2,0)+9, 0,1,COLUMNS(BloatingTable2)) -> Kawakawa | C15: =OFFSET(BloatingTable2,MATCH('Health Concern'!$B$3,'Digestion & Liver'!$C$2,0)+9, 0,1,COLUMNS(BloatingTable2)) -> Carminative, Diaphoretic | D15: =OFFSET(BloatingTable2,MATCH('Health Concern'!$B$3,'Digestion & Liver'!$C$2,0)+9, 0,1,COLUMNS(BloatingTable2)) -> Diarrhoea, Dyspepsia | E15: =OFFSET(BloatingTable2,MATCH('Health Concern'!$B$3,'Digestion & Liver'!$C$2,0)+9, 0,1,COLUMNS(BloatingTable2)) -> Hot, Aromatic | F15: =OFFSET(BloatingTable2,MATCH('Health Concern'!$B$3,'Digestion & Liver'!$C$2,0)+9, 0,1,COLUMNS(BloatingTable2)) -> Safe for most individuals | G15: =OFFSET(BloatingTable2,MATCH('Health Concern'!$B$3,'Digestion & Liver'!$C$2,0)+9, 0,1,COLUMNS(BloatingTable2)) -> Infusion: 2-6g dried leaves
B16: =OFFSET(BloatingTable2,MATCH('Health Concern'!$B$3,'Digestion & Liver'!$C$2,0)+10, 0,1,COLUMNS(BloatingTable2)) -> Kohekohe | C16: =OFFSET(BloatingTable2,MATCH('Health Concern'!$B$3,'Digestion & Liver'!$C$2,0)+10, 0,1,COLUMNS(BloatingTable2)) -> Astringent | D16: =OFFSET(BloatingTable2,MATCH('Health Concern'!$B$3,'Digestion & Liver'!$C$2,0)+10, 0,1,COLUMNS(BloatingTable2)) -> Diarrhoea | E16: =OFFSET(BloatingTable2,MATCH('Health Concern'!$B$3,'Digestion & Liver'!$C$2,0)+10, 0,1,COLUMNS(BloatingTable2)) -> Cool, Astringent | F16: =OFFSET(BloatingTable2,MATCH('Health Concern'!$B$3,'Digestion & Liver'!$C$2,0)+10, 0,1,COLUMNS(BloatingTable2)) -> Not well-studied for safety | G16: =OFFSET(BloatingTable2,MATCH('Health Concern'!$B$3,'Digestion & Liver'!$C$2,0)+10, 0,1,COLUMNS(BloatingTable2)) -> Infusion: 1-2g dried leaves
B17: =OFFSET(BloatingTable2,MATCH('Health Concern'!$B$3,'Digestion & Liver'!$C$2,0)+11, 0,1,COLUMNS(BloatingTable2)) -> Lemon Balm | C17: =OFFSET(BloatingTable2,MATCH('Health Concern'!$B$3,'Digestion & Liver'!$C$2,0)+11, 0,1,COLUMNS(BloatingTable2)) -> Carminative, Nervine | D17: =OFFSET(BloatingTable2,MATCH('Health Concern'!$B$3,'Digestion & Liver'!$C$2,0)+11, 0,1,COLUMNS(BloatingTable2)) -> Colic (Infants), Dyspepsia | E17: =OFFSET(BloatingTable2,MATCH('Health Concern'!$B$3,'Digestion & Liver'!$C$2,0)+11, 0,1,COLUMNS(BloatingTable2)) -> Cool, Aromatic, Nervine | F17: =OFFSET(BloatingTable2,MATCH('Health Concern'!$B$3,'Digestion & Liver'!$C$2,0)+11, 0,1,COLUMNS(BloatingTable2)) -> Safe for most individuals | G17: =OFFSET(BloatingTable2,MATCH('Health Concern'!$B$3,'Digestion & Liver'!$C$2,0)+11, 0,1,COLUMNS(BloatingTable2)) -> Infusion: 2-4g dried leaves
B18: =OFFSET(BloatingTable2,MATCH('Health Concern'!$B$3,'Digestion & Liver'!$C$2,0)+12, 0,1,COLUMNS(BloatingTable2)) -> Milk Thistle | C18: =OFFSET(BloatingTable2,MATCH('Health Concern'!$B$3,'Digestion & Liver'!$C$2,0)+12, 0,1,COLUMNS(BloatingTable2)) -> Hepatoprotective | D18: =OFFSET(BloatingTable2,MATCH('Health Concern'!$B$3,'Digestion & Liver'!$C$2,0)+12, 0,1,COLUMNS(BloatingTable2)) -> Dyspepsia | E18: =OFFSET(BloatingTable2,MATCH('Health Concern'!$B$3,'Digestion & Liver'!$C$2,0)+12, 0,1,COLUMNS(BloatingTable2)) -> Cool, Bitter | F18: =OFFSET(BloatingTable2,MATCH('Health Concern'!$B$3,'Digestion & Liver'!$C$2,0)+12, 0,1,COLUMNS(BloatingTable2)) -> Avoid in cases of allergy to Asteraceae family | G18: =OFFSET(BloatingTable2,MATCH('Health Concern'!$B$3,'Digestion & Liver'!$C$2,0)+12, 0,1,COLUMNS(BloatingTable2)) -> Infusion: 3-12g dried herb
B19: Peppermint,Mentha x piperita | C19: =OFFSET(BloatingTable2,MATCH('Health Concern'!$B$3,'Digestion & Liver'!$C$2,0)+13, 0,1,COLUMNS(BloatingTable2)) -> Carminative | D19: =OFFSET(BloatingTable2,MATCH('Health Concern'!$B$3,'Digestion & Liver'!$C$2,0)+13, 0,1,COLUMNS(BloatingTable2)) -> Colic (Infants), Dyspepsia | E19: =OFFSET(BloatingTable2,MATCH('Health Concern'!$B$3,'Digestion & Liver'!$C$2,0)+13, 0,1,COLUMNS(BloatingTable2)) -> Cool, Aromatic | F19: =OFFSET(BloatingTable2,MATCH('Health Concern'!$B$3,'Digestion & Liver'!$C$2,0)+13, 0,1,COLUMNS(BloatingTable2)) -> Use with caution in pregnancy | G19: =OFFSET(BloatingTable2,MATCH('Health Concern'!$B$3,'Digestion & Liver'!$C$2,0)+13, 0,1,COLUMNS(BloatingTable2)) -> Infusion: 1-2g dried leaves
B20: =OFFSET(BloatingTable2,MATCH('Health Concern'!$B$3,'Digestion & Liver'!$C$2,0)+14, 0,1,COLUMNS(BloatingTable2)) -> Sage | C20: =OFFSET(BloatingTable2,MATCH('Health Concern'!$B$3,'Digestion & Liver'!$C$2,0)+14, 0,1,COLUMNS(BloatingTable2)) -> Astringent, Antiseptic | D20: =OFFSET(BloatingTable2,MATCH('Health Concern'!$B$3,'Digestion & Liver'!$C$2,0)+14, 0,1,COLUMNS(BloatingTable2)) -> Dyspepsia | E20: =OFFSET(BloatingTable2,MATCH('Health Concern'!$B$3,'Digestion & Liver'!$C$2,0)+14, 0,1,COLUMNS(BloatingTable2)) -> Warm, Aromatic | F20: =OFFSET(BloatingTable2,MATCH('Health Concern'!$B$3,'Digestion & Liver'!$C$2,0)+14, 0,1,COLUMNS(BloatingTable2)) -> Avoid during pregnancy and lactation | G20: =OFFSET(BloatingTable2,MATCH('Health Concern'!$B$3,'Digestion & Liver'!$C$2,0)+14, 0,1,COLUMNS(BloatingTable2)) -> Infusion: 1-4g dried leaves
B23: Select Health Concern: | C23: Colic (Infants):
B25: Aniseed,Pimpinella anisum | C25: Carminative, antispasmodic, digestive relaxant. | D25: Colic in infants | E25: Warming. | F25: Caution with GORD | G25: (1:2) 15-25mLs
B26: Chamomile,Matricaria recutita | C26: Carminative, antispasmodic, digestive relaxant, Anti-inflammatory | D26: Colic, flatulence, IBS | E26: Calming, gentle,soothing. | F26: N/A* | G26: (1:2) 20-60mLs
B27: Fennel,Foeniculum vulgare | C27: Carminative, digestive relaxant | D27: Colic, flatulence | E27: Calming, gentle,soothing | F27: Caution with GORD | G27: 20 -50 mLs (1:2)
B28: Lemon Balm,Melissa officinalis | C28: Carminative, antispasmodic | D28: Colic in infants | E28: Calming, gentle. | F28: N/A* | G28: (1:2) 20-45 mLs
B29: Peppermint,Mentha piperita | C29: Carminative, antispasmodic, | D29: Colic,Digestive & gall bladder dysfunction, Gastritis, IBS, Nausea | E29: Cooling, gentle. | F29: Contraindicated with GORD | G29: (1:2) 15-50 mLs
B30: Vervain,Verbena officinalis | C30: Carminative, digestive relaxant, | D30: Colic in infants | E30: Calming, gentle. | F30: N/A* | G30: (1:2) 20 - 40 mLs
B33: Select Health Concern: | C33: Constipation:
B36: Cascara, Rhamnus purshiana | C36: Laxative | D36: Constipation | E36: Cooling | F36: Not for long term use,Caution during pregnancy and breastfeeding, irritable bowel syndrome or inflammatory gastrointestinal condition | G36: (1:2) 15 - 35mLs
B37: Dandelion Root,Taraxacum officinale | C37: Laxative, hepatic, cholagogue, digestive tonic | D37: Digestive complaints, liver support | E37: Cooling | F37: N/A* | G37: (1:1) 20 - 40mLs
B38: Dandelion whole plant,Taraxacum officinale | C38: Laxative, hepatic, cholagogue, digestive tonic | D38: Digestive complaints, liver support | E38: Cooling | F38: N/A* | G38: (1:2) 25 - 60mLs
B39: Globe Artichoke,Cynara scolymus | C39: Laxative, hepatic, cholagogue, digestive tonic | D39: Digestive dysfunction,IBS, liver support | E39: Cooling,bitter | F39: Avoid in cases of bile duct obstruction | G39: ( 1:2) 15-35 mLS
B40: Harakeke ,Phormium tenax | C40: Laxative, bulk-forming | D40: Constipation, bulk-forming agent | E40: Cooling | F40: Contraindicated in pregnancy,Avoid long term use | G40: (1:2) 15-40mLs
B41: Hoheria, Hoheria populnea | C41: Laxative, bulk-forming | D41: Constipation, bulk-forming agent | E41: Cooling | F41: Digestive tract inflammation:IBD, Constipation, gastritis, GORD | G41: (1:4) 20 - 60mLs
B42: Liquorice,Glycyrrhiza glabra | C42: Laxative, bulk-forming | D42: Digestive complaints, soothing properties,Gastritis, GORD, Peptic Ulcer | E42: Cooling,moistening | F42: Contraindicated with hypertension, hypokalaemia, oedema, congestive heart failure | G42: (1:1) 10-30 mLs
B43: Marshmallow,Althaea officinalis | C43: Laxative, demulcent, | D43: Dyspepsia, Gastritis, GORD, peptic ulcer, IBS, constipation | E43: Cooling,moistening | F43: Take away from medications | G43: (1:5) 20-50 mls
B44: Milk Thistle,Silybum marianum | C44: Choleretic,Antioxidant,Hepatotrophorestorative,Hepatoprotective | D44: Liver support, digestive complaints,Constipation, Digestive dysfunction, Dyspepsia, Gallstones | E44: Cooling,bitter | F44: N/A* | G44: (1:1) 30-60 mLs
B45: Rehmannia,Rehmannia glutinosa | C45: adrenal tonic | D45: General tonification -support overall digestive health and can help regulate bowel movements indirectly | E45: Cooling | F45: Caution during pregnancy | G45: (1:2) 20-60mLs
B46: Rhubarb, Rheum rhabarbarum | C46: Laxative | D46: Constipation | E46: Cooling | F46: For short term use only; Caution during pregnancy, breastfeeding; Take away from mineral supplements | G46: (1:2) 20-50mLs
B47: Slippery Elm, Ulmus rubra | C47: Laxative, demulcent | D47: Digestive complaints, soothing properties | E47: Cooling, moistening
B48: Yellow Dock, Rumex crispus | C48: Laxative, cholagogue, hepatic, digestive tonic | D48: Digestive complaints, liver support | E48: Cooling, bitter | F48: N/A* | G48: (1:2) 15-30 mLs
B51: Select Health Concern: | C51: Diarrhoea:
B53: Agrimony Agrimonia eupatoria | C53: Astringent, anti-inflammatory, antimicrobial | D53: Diarrhoea,Haemorrhoids | E53: Cooling, drying | F53: None identified | G53: (1:2 )15 - 30 mLs
B54: Akeake,Dodonaea viscosa | C54: Astringent, anti-inflammatory, antimicrobial | D54: Diarrhoea,Abdominal bloating & spasms | E54: Cooling, drying | F54: Caution in pregnancy due to lack of evidence | G54: (1:2) 25 - 50 mLs
B55: Chamomile, Matricaria recutita | C55: Carminative, antispasmodic, anti-inflammatory | D55: Diarrhoea,Poor digestion / flatulence | E55: Calming, gentle | F55: N/A* | G55: (1:2) 20 - 60 mLs
B56: Cinnamon, Cinnamomum verum | C56: Astringent, antimicrobial | D56: Diarrhoea | E56: Warming | F56: Caution during pregnancy and GORD | G56: (1:4) 30 - 60 mLs
B57: Fennel, Foeniculum vulgare | C57: Carminative, antispasmodic | D57: flatulence,colic,dyspepsia,diarrhoea | E57: Warming | F57: Caution with GORD | G57: (1:2) 20 -50mls
B58: Horopito, Pseudowintera colorata | C58: Antimicrobial, astringent,digestive | D58: Diarrhoea,Gastritis | E58: Warming | F58: Avoid large doses with acute gastritis or peptic ulcers Caution in pregnancy due to lack of evidence | G58: (1:2)10-30 mLs
B59: Kanuka, Kunzea ericoides | C59: Antimicrobial, astringent | D59: Diarrhoea,GIT infection or inflmmation | E59: Cooling, drying | F59: Take away from meals and mineral supplements | G59: (1:2) 20 - 60 mLs
B60: Kohekohe, Dysoxylum spectabile | C60: Astringent, antimicrobial,Anti diarrhoeal | D60: Diarrhoea | E60: Cooling, drying | F60: Caution in pregnancy due to lack of evidence | G60: (1:2) 20 - 60 mLs
B61: Koromiko, Hebe salicifolia | C61: Astringent, anti-inflammatory, antimicrobial | D61: Diarrhoea | E61: Cooling, drying | F61: Take away from meals and mineral supplements | G61: (1:2) 15 - 40 mLs
B62: Manuka, Leptospermum scoparium | C62: Astringent, antimicrobial,Antispasmodic,Antidiarrhoeal | D62: Diarrhoea,IBD,IBS | E62: Cooling, drying | F62: Caution in pregnancy due to lack of evidence | G62: (1:2) 20 - 60 mLs
B63: Meadowsweet, Filipendula ulmaria | C63: Astringent, anti-inflammatory | D63: Diarrhoea, Dyspepsia, Gastritis, GORD, IBS, Peptic Ulcer | E63: Cooling | F63: Caution with Warfarin. Take away from mineral supplements. | G63: (1:2) 15 - 30 mLs
B64: Raspberry Leaf, Rubus idaeus | C64: Astringent, anti-inflammatory,Antidiarrhoeal | D64: Diarrhoea | E64: Cooling | F64: Avoid use in the first trimester of pregnancy,Take away from mineral supplements | G64: (1:2) 30 - 100 mL
... B68: Witchhazel, Hamamelis virginiana | C68: Astringent, anti-inflammatory | D68: Diarrhoea, Intestinal bleeding (Topically) Haemorrhoids | E68: coolimg | F68: Take away from meals and mineral supplements | G68: (1:5) 20 - 40 mLs
B70: Select Health Concern: | C70: Dyspepsia
B72: Angelica ,Angelica archangelica | C72: Carminative, digestive stimulant | D72: Digestive discomfort, bloating, flatulence | E72: Warming, aromatic | G72: (1:2) 5 - 25 mLs
B73: Aniseed ,Pimpinella anisum | C73: Carminative, antispasmodic, digestive stimulant | D73: Digestive spasms, colic, indigestion | E73: Warming | F73: Caution with GORD | G73: (1:2) 15-25mLs
B74: Barberry ,Berberis vulgaris | C74: Bitter tonic, digestive stimulan | D74: Poor digestion, gallbladder support | E74: Cooling, bitter | F74: Caution with GORD | G74: (1:2) 20-40mLs
B75: Chamomile ,Matricaria recutita | C75: Carminative, antispasmodic, digestive relaxant | D75: Nervous digestion, gastrointestinal inflammation, irritable | E75: Calming, gentle | F75: N/A* | G75: (1:2) 20-60 mLs
B76: Cinnamon ,Cinnamomum verum | C76: Carminative, digestive stimulant | D76: Poor digestion, sluggish metabolism | E76: Warming | F76: Caution during pregnancy and GORD | G76: (1:4) 20-40 mLs
B77: Dandelion Root, Taraxacum officinale | C77: Cholagogue, hepatic, bitter tonic | D77: Liver support, bile flow stimulation, detoxification | E77: Cooling, bitter | F77: N/A* | G77: (1:1) 20 - 40 mL
B78: Fennel ,Foeniculum vulgare | C78: Carminative, digestive stimulant, antispasmodic | D78: Digestive spasms, gas, bloating, colic | E78: Warming | F78: Caution with GORD | G78: ( 1:2) 25 - 50 mLs
B79: Fenugreek ,Trigonella foenum-graecum | C79: Digestive tonic, demulcent | D79: Poor digestion, gastric inflammation, mucous membrane irritation | E79: Warming | F79: Caution with GORD - saponins can aggravate | G79: (1:2) 30 - 80 mLs
B80: Ginger ,Zingiber officinale | C80: Carminative, digestive stimulant, anti-inflammatory | D80: Nausea, indigestion, motion sickness, inflammation | E80: Warming | F80: Caution with peptic ulcers, gallstones and during pregnancy | G80: (1:2) 5 - 15 mLs
B81: Globe Artichoke ,Cynara scolymus | C81: Cholagogue, hepatic, bitter tonic | D81: Digestive sluggishness, liver support, dyspepsia | E81: Cooling, bitter | F81: Avoid in cases of bile duct obstruction | G81: (1:2) 15 - 35 mLs

Sheet mens health 
B1: Herbs | C1: Actions | D1: Indications | E1: Energetic Properties | F1: Safety Precautions | G1: Therapeutic Dosage | H1: Ratio
A2: Benign Prostatic Hypertrophy (BPH):
B3: Crataeva,Crataeva nurvala | C3: Bladder tonic,Anti-inflammatory | D3: soothing the bladder and urinary tract,help manage inflammation in the prostate and urinary tract. potentially reducing urinary discomfort often associated with BPH.Tissue Affinity: Urinary system | E3: Cooling,Bitter, Astringent, Downward | F3: N/A* | G3: 30-80ml | H3: 0.043055556
B4: Echinacea blend,E. purpurea & E. angustifolia | C4: immune-modulating,Anti inflammatory,immune enhancer,lymphatic | D4: Supports immune function can contribute to managing inflammation. By reducing inflammation, Echinacea may help alleviate discomfort related to BPH. | E4: Warming,Bitter,rising ,Upward | F4: Caution in individuals with autoimmune conditions | G4: 20-100 ml | H4: 0.043055556
B5: Epilobium,Epilobium parviflorum | C5: astringent, anti-inflammatory, urinary tonic,Antiprostatic | D5: help tonify and tighten tissues, potentially affecting the prostate and urinary structures. Can help reducing inflammation in the prostate, supporting overall prostate health,has affinity Urinary system, Prostate | E5: Cooling,Neutral,Astringent | F5: Contains tannins - take separately from mineral supplements | G5: 20-40 | H5: 0.043055556
B6: Horsetail,Equisetum arvense | C6: diuretic, astringent | D6: Prostatitis, BPH due to it ability to assist in reducing fluid retention, potentially easing urinary symptoms. Its tones and strengthen urinary structures, including the prostate. Has affintiy to the urinary system and bones | E6: Cooling,Drying,Astringent,bitter,downwards | F6: N/A* | G6: 15-45 | H6: 0.043055556
B7: Nettle Root,Urtica dioica | C7: anti-inflammatory, nutritive | D7: contains compounds that can inhibit the enzyme responsible for converting testosterone into dihydrotestosterone (DHT), a hormone implicated in BPH. By reducing DHT levels, nettle root may help prevent prostate tissue growth. ,tissue affinity for the blood and kidneys | E7: Warming,Sweet,uplifting | F7: N/A* | G7: 15-40 | H7: 0.043055556
B8: Saw Palmetto,Serenoa serrulata berry | C8: anti-inflammatory,Antiprostatic | D8: BPH, Prostatitis,Fertility ,nhibiting the enzyme 5-alpha-reductase, which converts testosterone into DHT. By reducing DHT levels, saw palmetto can prevent excessive prostate tissue growth and alleviate urinary symptoms..tissue affinty prostate & reprodcutive system | E8: Warming,bitter,downwards | F8: Caution with warfarin | G8: 15-30 | H8: 0.043055556
A10: Erectile Dysfunction:
B11: Damiana,Turnera diffusa | C11: aphrodisiac,Nervine,tonic | D11: Anxiety, nervous depletion enhance nitric oxide (NO) production, which can promote relaxation of blood vessels and increase blood flow to the genital area. This improved blood circulation can contribute to better erectile functioTissue affinity for nervous system and reproductive system | E11: Warming, stimulating, uplifting, and strengthening. | F11: N/A* | G11: 20-40 | H11: (1:2)
B12: Ginkgo,Ginkgo biloba | C12: circulatory stimulant,Antioxidant | D12: mprove blood flow by enhancing vasodilation and increasing nitric oxide production. This increased blood flow can positively impact erectile function by improving the ability of the blood vessels to supply the genital area with oxygen and nutrients. Tissue Affinity: Circulatory system, Brain | E12: Cooling, drying, stimulating, and tonifying. | F12: N/A* | G12: 30-60 | H12: (3:2)
B13: Korean Ginseng,Panax ginseng | C13: Adaptogen,immunomodulator,Tonic | D13: Male infertility, erectile dysfunction help regulate the hypothalamic-pituitary-adrenal (HPA) axis, reducing stress hormone levels. Improved stress response can alleviate psychological factors contributing to erectile dysfunction. Ginsenosides in Korean Ginseng can also improve nitric oxide synthesis and vasodilation. | E13: Warming, stimulating,sweet upward | F13: Caution during infection and with stimulants | G13: 5-15ml | H13: 0.043055556
B14: Rhodiola,Rhodiola rosea | C14: Adaptogen,Antioxidant | D14: erectile dysfuncion,Adrenal depletion s influence the HPA axis, reducing stress hormone secretion. This can lead to improved mood and mental well-being, positively affecting sexual function.has an effects on neurotransmitters like serotonin and dopamine may also contribute to sexual health. | E14: stimulant, warming, and uplifting. | F14: Take away from mineral supplements,Avoid use with stimulants | G14: : 20-40 | H14: 1.1
B15: Saffron,Crocus sativus | C15: Anti inflammatory,Antioxidant,Aphrodisiac, | D15: Supports sexual health and assists in managing erectile dysfunction By improving mood and reducing stress, may indirectly contribute to improved sexual function. Tissue Affinity: Nervous system, Heart , reproductive system | E15: Warming, uplifting, aromatic, | F15: N/A* | G15: 15-25ml | H15: 1:20,
B16: Schisandra,Schisandra chinensis | C16: Adaptogen,Antioxidant ,Nervine | D16: support the body's stress response systems. It can enhance physical endurance and mental resilience, which can positively influence sexual performance and satisfaction. | E16: astringent, and balancing. | F16: Contraindicated in pregnancy | G16: 25-60 | H16: 1.2
B17: Shatavari,Asparagus racemosa | C17: Adaptogen | D17: Male fertility, Contains phytoestrogens that can help regulate hormonal balance. By impacting testosterone levels and improve reproductive health. By addressing hormonal imbalances, shatavari may support erectile function. | E17: Cooling, nourishing, rejuvenating | F17: Caution in GORD (saponins may aggravate) | G17: 30-60 | H17: 1.2
B18: Withania,Withania somnifera | C18: Adaptogen,immune modulator,antiinflammatory,sedative,relaxant | D18: Male Fertility, Erectile Dysfunction, modulation of stress-related hormone levels, which can enhance resilience to stress and anxiety. This may indirectly contribute to improved sexual performance by reducing psychological barriers. | E18: calming, grounding, and rejuvenating. | F18: N/A* | G18: 10-25ml | H18: 0.12638889
A20: Fertility:
B21: Fenugreek.Foeniculum vulgare | C21: anti oxidant,nutrive ,anti inflammatory , Aphrodisiac,Hypoglycemic | D21: compounds like diosgenin that may influence hormonal balance by modulating insulin sensitivity and androgen levels. Improved insulin sensitivity can positively affect reproductive health, and balanced androgens can support sperm production and overall fertility. | E21: Warming,rejuvenating. | F21: Caution with GORD | G21: 20-50ml | H21: 1.2
B22: Korean Ginseng,Panax ginseng | C22: Adaptogen,immunomodulator,Tonic | D22: regulate the hypothalamic-pituitary-adrenal (HPA) axis, potentially affecting reproductive hormones. can modulate sex hormone levels, which may impact sperm quality and fertility. | E22: Warming, stimulating, | F22: Caution during infection and with stimulants | G22: 5-15mls | H22: 0.043055556
B23: Saw Palmetto,Serenoa serrulata berry | C23: anti-inflammatory,Antiprostatic | D23: BPH, Prostatitis,Fertility inhibition of 5-alpha-reductase can reduce the conversion of testosterone to DHT, promoting hormonal balance. This can be relevant to maintaining prostate health and supporting healthy sperm production. | E23: Warming, | F23: Caution with warfarin | G23: 15-30 | H23: 1.2
B24: Shatavari: | C24: Adaptogen | D24: Male fertilityassists in managing erectile dysfunction.potential effects on hormonal balance may contribute to sperm production and quality. | E24: Cooling, nourishing, rejuvenating | F24: Caution in GORD (saponins may aggravate) | G24: 30-60 | H24: 1.2
B25: Withania: | C25: Adaptogen,immune modulator,antiinflammatory,sedative,relaxant | D25: it can influence stress-related hormones and may improve stress resilience. Stress reduction can positively impact reproductive hormones, including testosterone, which is crucial for sperm production and male fertility. | E25: calming, grounding, and rejuvenating. | F25: N/A* | G25: 10-25ml | H25: 3.2
A27: Prostatitis:
B28: Andrographis,Andrographis paniculata | C28: anti inflmmatory,immune enhancing,choleretic,anthelmintic | D28: Assists in managing prostate inflammation and supports prostatitis management | E28: Cooling, bitter, | F28: Contraindicated in 1st trimester of pregnancy | G28: 20-40ml | H28: 1.2
B29: Bearberry,Arctostaphylos uva-ursi | C29: Anti inflammatory,astringent,urinary antiseptic | D29: cystitis,kidney stones,prostatitiscontains arbutin, which is metabolized into hydroquinone, a compound with antimicrobial properties. It may help combat bacterial infections that contribute to prostatitis. | E29: Cooling, astringent | F29: Contraindicated in pregnancy & breastfeeding,kidney disease and children under 12 years | G29: 30-60 | H29: 1.2
B30: Buchu,Barosma betulina | C30: diuretic,urinary antiseptic | D30: Supports urinary tract health and assists in managing prostatitis, cystitis due to reducing inflammation and infection associated with prostatitis. | E30: Warming | F30: N/A* | G30: 15-30 | H30: 1.2
B31: Cornsilk.Zea mays | C31: diuretic, Demulcent,Antilithic | D31: help flush the urinary tract and potentially alleviate urinary discomfort associated with prostatitis. Its soothing properties may also contribute to symptom relief. | E31: Cooling, soothing | F31: N/A* | G31: 30-80 | H31: 1.2
B32: Couchgrass,Agropyron repens | C32: Demulcent,diuretic | D32: provide soothing effects to the urinary tract. Its aids in flushing the urinary system and potentially alleviating prostatitis symptoms. | E32: Cooling,soothing | F32: N/A* | G32: 40-80 | H32: 1.2
B33: Echinacea blend,E. purpurea & E. angustifolia | C33: immune-modulating,Anti inflammatory,immune enhancer,lymphatic | D33: enhance the body's defense mechanisms against infections associated with prostatitis. Its reduces inflamation which can contribute to symptom relief. | E33: Cooling, | F33: Caution in individuals with autoimmune conditions | G33: 20-100 ml | H33: 1.2
B34: Gravelroot,Eupatorium purpureum | C34: Antilithic,Diuretic | D34: Assists in reducing urinary discomfort and supports prostatitis management, kindey stones due to its ability to flush out the urinary tract, potentially reducing discomfort caused by prostatitis | E34: Cooling, | F34: N/A* | G34: 15-30 | H34: 1.2
B35: Horsetail,Equisetum arvense | C35: diuretic, astringent | D35: Supports urinary tract health and assists in managing prostatitis, assists in managing BPH. It promoties the elimination of toxins and pathogens. It also helps with inflamation which may contribute to symptom relief. | E35: Cooling, | F35: N/A* | G35: 15-45 | H35: 1.2
B36: Juniper,Juniperus communis | C36: urinary antiseptic,diuretic,antinflmmatory | D36: helping to combat infections contributing to prostatitis. Its also aid in flushing the urinary tract. | E36: Warming | F36: Contraindicated in pregnancy | G36: 10-20ml | H36: 1.2
B37: Nettle Root,Urtica dioica | C37: anti-inflammatory, nutritive | D37: Inhibit enzymes that contribute to the growth of prostate cells, potentially impacting prostate enlargement. | E37: Warming,sweet,upward | F37: N/A* | G37: 15-40 | H37: 1.2
B38: Saw Palmetto,Serenoa serrulata berry | C38: anti-inflammatory,Antiprostatic | D38: inhibition of 5-alpha-reductase and anti-inflammatory effects may help manage symptoms of prostatitis by reducing inflammation and potentially impacting prostate growth. | E38: Warming.downard, bitter | F38: caution with warfarin | G38: 15-30 | H38: 1.2

Sheet Haematology
B1: Herbs | C1: Actions | D1: Indications | E1: Energetic Properties | F1: Safety Precautions | G1: Therapeutic Dosage | H1: Ratio
A2: Anaemia: | B2: Codonopsis,Codonopsis pilosula | C2: tonic | D2: Fatigue,Anemia -helps the body adapt to stressors. It can improve energy levels by supporting adrenal function, enhancing oxygen utilization, and increasing the body's overall resilience to fatigue.upports red blood cell production | E2: strengthening, Sweet, slightly bitter,Upward-moving, nourishing | F2: N/a* | G2: 30-60 | H2: 1.2
B3: Dong Quai,Angelica sinensis | C3: anti anaemic,Antiplatelet | D3: ,Anaemia,Endometriosis,Menstrual irrgeularity, - ontains iron and vitamins that help increase hemoglobin levels, improving oxygen transport and addressing anemia. It also supports blood circulation, enhancing the delivery of nutrients and oxygen to tissues. | E3: Harmonizing, invigorating,Bitter, pungent, sweet,Blood-moving, tonifying | F3: Contraindicated during pregnancy,Caution with heavy menstruation | G3: 30-60 | H3: 1.2
B4: Nettle Leaf:Urtica dioica | C4: Nutritive | D4: ich in iron and other nutrients essential for red blood cell production. Its high iron content supports hemoglobin synthesis, helping to alleviate anemia. It also enhances iron absorption and prevents iron deficiency. | E4: Restorative, nourishing,Salty, slightly bitter, Downward-moving, cleansing | F4: N/a* | G4: 15-40 | H4: 1.2
B5: Withania,Withania somnifera | C5: Anti anaemic | D5: Anaemia ,Leukopaenia Helps improve energy levels and supports overall vitality Reduces stress, enhances vitality, supports immune health. | E5: calming, rejuvenating,Bitter, astringent, sweet,Balancing, nourishing | F5: N/a* | G5: 35-80 | H5: 1.2
A7: Haemochromatosis:
B8: Baical Skullcap,Scutellaria baicalensis | C8: Antioxidant,hepatoprotective Anti-inflammatory | D8: help mitigate oxidative stress and inflammation associated with haemochromatosis.Supports antioxidant defenses and inflammation reduction, contributing to managing haemochromatosis-related issues. | E8: Cooling, calming, Bitter, astringent,Downward-moving | F8: Avoid use during first trimester of pregnancy | G8: 30-60 | H8: 1.2
B9: Gymnema,Gymnema sylvestre | C9: Hypoglycaemic | D9: contribute to maintaining balanced blood sugar levels, which could be relevant in managing haemochromatosis-associated metabolic concerns. affintiy for digestive system and pancreas | E9: Balancing, regulating, Bitter, astringent,tonifying | F9: Caution with GORD (saponins may aggravate) | G9: 20-70 | H9: 1.1
B10: Milk Thistle,Silybum marianum | C10: antioxdiant ,chloeretic,Hepatoprotective,hepatotrophorestorative | D10: Haemochromatosis,liver damage,insulin resistance,diabetes active compound, silymarin, may assist in protecting the liver from oxidative stress, potentially beneficial in managing haemochromatosis. has an affinity for liver and gallbladder | E10: Protective, detoxifying,Bitter, slightly sweet,Cleansing, tonifying | F10: N/a* | G10: 30-60 | H10: 1.1
B11: Tanekaha,Phyllocladus trichomanoides | C11: Antioxidant | D11: antioxidant compounds could contribute to managing oxidative stress associated with haemochromatosis. | E11: Strengthening, grounding Bitter, astringent Grounding, stabilizing | F11: Take away from meals and mineral supplements,Caution in pregnancy due to lack of evidence | G11: 15-30 | H11: 1.2
A13: Leukopaenia:
B14: Astragalus,Astragalus membranaceous | C14: immune enhancing,immune modulation ,tonic ,adaptogen | D14: enhancing the production of white blood cells and other immune cells. It acts as an immune modulator, helping to restore immune balance and strengthen immune responses. support the body's resilience to stress, which can indirectly contribute to immune health. | E14: Protective, strengthening Sweet Uplifting, tonifying | F14: Avoid use during acute infection,Caution with immunosuppressive drugs | G14: 30-60 | H14: 1.2
B15: Cat's Claw,Uncaria tomentosa | C15: Antixiant,Anti inflammatory,Immune Enhancer | D15: Supports immune system function and helps increase white blood cell count , immune deficiency ,leukopaenia | E15: bitter,balancing | F15: Contraindicated during pregnancy,Caution with immunosuppressive drugs | G15: 30-75 | H15: 1.2
B16: Echinacea,E. purpurea & E. angustifolia | C16: Anti-inflammatory,immune enhancer,immune modulator ,lymphatic ,depurative | D16: immune dysfuncion ,ennlarge lymph nodes acute & chronic infection by stimulate immune cells, such as macrophages and lymphocytes, enhancing their activity. It helps trigger a cascade of immune responses, leading to increased production of white blood cells. Echinacea also supports lymphatic circulation, aiding the movement of immune cells throughout the body. | E16: Stimulating,Bitter, slightly pungent | F16: N/a | G16: 20-100 | H16: 1.2
B17: Withania,Withania somnifera | C17: ,immune modulator | D17: leukopaenia,immune deficincy Reduces stress, enhances vitality, supports immune health it regulate immune responses, preventing overactivity or underactivity. By balancing immune cell production and activity, Withania contributes to overall immune system health, | F17: N/a | G17: 35-80 | H17: 1.2
A19: Thrombocytopaenia:
B20: Barberry,Berberis Vulgaris | C20: cholagogue.chloertic | D20: supporting liver and gallbladder function. It contains berberine, a bioactive compound that may influence blood clotting factors which potential effect blood clotting and circulation. | E20: Detoxifying, stimulating,bitter,cleansing | F20: Contraindicated during pregnancy & breastfeeding | G20: 20-40 | H20: 1.2

Sheet Skin condtion 
B1: Herbs | C1: Actions | D1: Indications | E1: Energetic Properties | F1: Safety Precautions | G1: Therapeutic Dosage | H1: Ratio
A2: Acne | B2: Andrographis | C2: Antimicrobial, anti-inflammatory. | D2: inhibiting the growth of acne-causing bacteria on the skin,reduces redness and swelling associated with acne lesions, promoting quicker healing and improved skin appearance. | E2: bitter,cooling
B3: Echinacea | C3: Antimicrobial, anti-inflammatory.immune modulating | D3: help strengthen the immune response and alleviate inflammation commonly seen in acne-prone skin. | E3: bitter,cooling
B4: Kawakawa | C4: antimicrobial, anti-inflammatory.anagesic | D4: specifically target the inflammatory processes involved in acne, potentially reducing redness and discomfort. | E4: Slgiht bitter,warming
B5: Manuka | C5: antimicrobial, anti-inflammatory. | D5: antibacterial compounds that can combat the growth of Propionibacterium acnes, a bacterium associated with acne development. | E5: sweet,cooling
B6: Oregon Grape | C6: antimicrobial, anti-inflammatory. | D6: berberine content can inhibit the growth of bacteria and reduce inflammation, potentially improving the overall appearance of acne-prone skin. | E6: bitter,cooling
B7: Burdock | C7: deperative,diuretic | D7: blood purifier and mild diuretic may help detoxify the body, which can indirectly contribute to a reduction in acne breakouts. | E7: bitter,cooling
B8: Calendula | C8: anti inflmatory,valunery | D8: soothe irritated skin and promote the healing of acne lesions, minimizing scarring. | E8: bitter ,cooling
B9: Chaste Tree | C9: prolactin inhibtor,dopaminergic agonist | D9: may aid in hormonal balance by regulating the menstrual cycle and reducing androgen excess, making it beneficial for hormonal acne management. | E9: warming,bitter,slight pungent | F9: can effect hormone in the body ,may aggravate spasmoic dysmenorhhoea not associated with pms caution in pregancy only under professional supervision | G9: 6-30ml | H9: 1.2
B10: Cleavers | C10: lympaatic,diuretic | D10: support the body's natural detoxification process, potentially leading to clearer skin. | E10: cooling ,sweet,
B11: Saw Palmetto | C11: antiandogenic ,anti infmmatory | D11: reducing dihydrotestosterone (DHT) levels, may help manage androgen-driven acne. | E11: warming,slightly sweet | F11: supervison suggestion during pregnacy and laction | G11: 15-30 | H11: 1.2
B12: Paeony | C12: Anti inflammatory ,hormone modulating | D12: modulate hormonal levels, particularly by reducing excess androgens, can be beneficial for individuals with hormonal acne. | E12: cooling ,bitter | F12: supervson suggestion during pregnacy and laction ,Sodium picosulphate &other stimulant laxatives; | G12: 25-75ml | H12: 1.2
B13: Licorice | C13: Anti inflmatory, adrenal tonic | D13: soothe inflamed skin, alleviate redness, and reduce the inflamation . Its impact on the adrenal glands is significant in the context of acne management. | E13: neutral ,sweet | F13: Contraindicated with hypertension, hypokalaemia, oedema, congestive heart failure,not to be taken for a prolonged period of time | G13: 10-30ml | H13: 1.1
A15: boils | B15: Andrographis | C15: anticaterial,antinflmmatory | D15: help combat the bacterial infection that often underlies boils, while also reducing the associated inflammation. | E15: cooling,bitter
B16: Baptisia | C16: immune enhancing | D16: support the body's immune response, aiding in the clearance of bacterial infections that lead to boils
B17: Echinacea | C17: immnoomodulating | D17: stimulate the immune system, helping the body better fight off infections, including those causing boils.help with inflmation and redness | E17: bitter,cooling
B18: Kawakawa | C18: antimicrobial, anti-inflammatory.anagesic | D18: provide relief from the pain and discomfort associated with boils. It also aids in reducing localized inflammation. | E18: slightly bitter,warming
B19: Lomatium | C19: anti vrial | D19: supports the immune system. In cases where viral infections contribute to boils, it may help address the underlying infection. | E19: warming
B20: Marshmallow | C20: demulcent | D20: soothing qualities. It can reduce inflammation and soothe the skin around boils, providing relief. | E20: cooling ,norshing
B21: Poke Root | C21: lymphatic tonic,anti inflamatory | D21: assist in draining lymphatic fluid, reducing inflammation, and promoting healing in the area of the boil. | E21: warming
B22: Thuja | C22: antimicrobial,depurative | D22: help combat bacterial infections in boils and promote healing. | E22: cooling ,norshing
A24: brusing | B24: Arnica (Arnica montana): | C24: Anti-inflammatory, analgesic | D24: ability to reduce inflammation and relieve pain associated with bruises. It can help accelerate the healing process.(topically ) | E24: cooling
B25: Comfrey (Symphytum officinale): | C25: Demulcent, anti-inflammatory | D25: help reduce swelling and discomfort caused by bruising. It supports tissue repair. | E25: netural
B26: Butcher's Broom (Ruscus aculeatus): | C26: Vasoconstrictor, anti-inflammatory | D26: contains compounds that may help constrict blood vessels, reducing the severity of bruises and preventing further leakage of blood into tissues. | E26: cooling
B27: Bilberry (Vaccinium myrtillus): | C27: Antioxidant, anti-inflammatory | D27: antioxidant properties can strengthen blood vessels and reduce inflammation, potentially preventing and minimizing bruising. | E27: cooling
B28: Gotu Kola (Centella asiatica): | C28: Circulatory tonic, anti-inflammatory | D28: supports healthy circulation and can help improve blood vessel integrity, reducing the risk of easy bruising. | E28: cooling
B29: Horse Chestnut (Aesculus hippocastanum): | C29: Venous tonic , anti-inflammatory | D29: strengthen blood vessel walls and improve circulation, potentially reducing the likelihood of bruising. | E29: cooling
A31: Chilblains: | B31: Cayenne | C31: Stimulant, circulatory tonic | D31: stimulate circulation and improve blood flow. It can be helpful for conditions like poor circulation and may promote healing. | E31: heating
B32: Ginger | C32: Circulatory stimulant, anti-inflammatory | D32: can help improve circulation. It also has anti-inflammatory properties, making it useful for conditions where inflammation contributes to circulatory issues | E32: warming
B33: Ginkgo | C33: Circulatory enhancer, neuroprotective | D33: enhance circulation, particularly in the brain and extremities. It may be used to improve memory and cognitive function. | E33: neutral
B34: Horopito | C34: Antimicrobial, circulatory support | D34: promoting blood flow to the affected areas and providing relief from chilblains. | E34: warming
B35: Kawakawa | C35: vasodilatory | D35: promoting blood flow to the affected areas and providing relief from chilblains.
B36: Prickly Ash | C36: circultory stimulant ,analgesic | D36: known for its ability to stimulate circulation and alleviate pain. It can be used for conditions where poor circulation is a concern.
A38: Cold Sores (Herpes simplex): | B38: Echinacea | C38: Immune stimulant, Antiviral, Anti-inflammatory | D38: stimulates the immune system and possesses antiviral properties, which can help combat the herpes simplex virus. It also has anti-inflammatory effects, aiding in reducing discomfort | E38: cooling,bitter
B39: Kanuka | C39: Antiviral, Antimicrobial, Anti-inflammatory | D39: help combat the herpes simplex virus and reduce the risk of infection. It also possesses anti-inflammatory effects, aiding in symptom relief. | E39: Cooling, Aromatic, Expanding
B40: St. John's Wort | C40: Antiviral, Nervine, Anti-inflammatory,anagestic | D40: has antiviral properites ,support the nervous system in time of stress or discomort its painrelieving and helps with inflamation assosiated with herpes simplex virus | E40: warming,bitter,uplifting
A45: Eczema: | B45: Albizzia | D45: help reduce the inflammatory response in the skin associated with eczema. It also possesses calming and soothing effects, which can alleviate the discomfort and itching often experienced with eczema | E45: cooling ,moistening
B46: Baical Skullcap | D46: help modulate the immune response in the skin and reduce inflammation, which is a hallmark of eczema. | E46: cooling,drying
B47: Blue Flag | D47: supports the body's elimination of toxins that can exacerbate eczema. By assisting the body in detoxification, it indirectly helps improve skin health | E47: cooling,drying
B48: Burdock | C48: Anti-inflammatory,,depurative | D48: can help reduce inflammation in the skin and promote the removal of toxins that may contribute to eczema. Energetically helps soothes and balancing skin with excess inflammation. | E48: cooling,drying
B49: Cleavers | D49: n clearing toxins and reducing inflammation. By enhancing lymphatic drainage, it indirectly helps alleviate skin issues like eczema. | E49: cooling ,moistening
B50: Echinacea | D50: strengthens the immune system's response, assisting the body in managing eczema triggers. | E50: cooling,drying
B51: Figwort | D51: contains anti-inflammatory compounds that help reduce skin irritation and inflammation. It can soothe the discomfort associated with eczema and promote skin healing. | E51: cooling ,moistening
B52: Heartsease | D52: can help reduce skin inflammation associated with eczema. It has soothing properties that provide relief from itching and discomfort. | E52: cooling ,moistening,calming
B53: Kawakawa | D53: contains compounds like polyphenols and flavonoids that help reduce skin inflammation and irritation, making it beneficial for eczema.
A57: Hyperhidrosis(excessive sweating). | B57: Rehmannia (Rehmannia glutinosa) | C57: astrigent | D57: help regulate excessive sweating, particularly night sweats associated with hormonal imbalances. It tightens and tones tissues, reducing fluid loss and sweating. | E57: cooling,drying
B58: Sage (Salvia officinalis) | C58: Astringent, Antiperspirant | D58: effectively reduce excessive sweating by constricting sweat glands. can be applied topically or consumed to manage conditions involving excessive sweating, such as hyperhidrosis. | E58: warming,drying
B59: Ziziphus Jujuba | C59: astringent | D59: helps control excessive sweating. By tightening and toning the skin, it can reduce sweat production. Zizyphus preparations are traditionally used to manage conditions like night sweats and hot flashes. | E59: cooling,drying
A61: Fungal infections: | B61: Andrographis | C61: Antifungal, Immune modulating | D61: contains active compounds like andrographolides that possess antifungal properties. It also supports the immune system, enhancing the body's ability to fight fungal infections. | E61: cooling,drying
B62: Aniseed | C62: Antifungal | D62: attributed to its aromatic compounds. These compounds can disrupt the cell membranes of fungi, inhibiting their growth. Additionally, its warming and drying qualities help create an unfavorable environment for fungal proliferation. | E62: warming ,drying
B63: Barberry | C63: Antifungal, Immune modulating | D63: contains berberine, which has potent antifungal properties. Berberine disrupts the structure of fungal cells, preventing their growth. It also supports the immune system | E63: cooling,drying
B64: Golden Seal | C64: Antifungal, Immune | D64: berberine content makes it an effective antifungal agent. Berberine disrupts fungal cell membranes, inhibiting their proliferation. Also support the immune system which enhancing the body's ability to combat fungal infections. | E64: cooling,drying
B65: Horopito | C65: Antifungal | D65: contains polygodial, a compound with strong antifungal properties. Polygodial disrupts fungal cell walls, leading to their destruction. It effectively combats a wide range of fungal infections, including Candida overgrowth. | E65: warming,drying
B66: Lomatium | C66: Antifungal, Immune modulating | D66: known for its antifungal action, particularly against Candida species. It contains compounds that disrupt fungal cell membranes, inhibiting their growth. Additionally, it supports the immune system's response to fungal infections | E66: warming ,drying
B67: Pelargonium | C67: Antifungal, Immune modulating | D67: inhibiting fungal growth and multiplication. Additionally, it supports the immune system, aiding in the body's defense against fungal pathogens. | E67: warming ,drying
B68: Thyme | C68: Antifungal | D68: properties are attributed to thymol, which disrupts fungal cell membranes and inhibits their growth. The aromatic compounds in thyme create an unfavorable environment for fungal proliferation. | E68: warming ,drying,aromatic
B69: Garlic | C69: Antifungal, Antimicrobial, Immune support | D69: potent antifungal herb due to its active compound allicin. It can help combat various fungal infections, including candidiasis and athlete's foot. It can also help to eliminate excess moisture which contibute to fungal growth | E69: warming ,drying
B70: Oregano | C70: antifungal,antibacterial | D70: contains the compound carvacrol, which has strong antifungal properties. It can be used internally or topically to combat fungal infections, including oral thrush and yeast infections. | E70: warming ,drying
B71: Black Walnut | C71: Antifungal, Antiparasitic | D71: contain compounds like juglone, which exhibit antifungal properties. It can be used internally or topically to address fungal infections, including Candida overgrowth | E71: warming ,drying
B72: Pau d'Arco | C72: Antifungal, Immunomodulating | D72: inner bark contains compounds like lapachol, known for their antifungal properties. It can help combat various fungal infections, including Candida | E72: cooling,drying
A73: topically | B73: Poroporo | C73: anti fungal | D73: can disrupt fungal cell membranes and inhibit their growth. Additionally, its skin-soothing properties help alleviate itching and discomfort associated with fungal infections.
B74: Calendula | C74: Antifungal | D74: It can disrupt fungal cell membranes and inhibit their growth when applied topically. Calendula's soothing properties provide relief from itching and inflammation associated with fungal infections.
B75: Thuja | C75: anti fungal | D75: disrupt fungal cell membranes, inhibiting their growth when applied topically. Additionally, its skin-soothing qualities help alleviate discomfort and irritation.
B76: Tea tree | C76: Antifungal, Antiseptic | D76: It can disrupt fungal cell membranes, leading to their destruction. Tea Tree Oil is effective in treating various fungal skin infections, including athlete's foot and ringworm.
A78: Nappy rash | B78: Calendula | C78: Anti inflamtory,valunery | D78: elps reduce the inflammatory response in the skin, which is often present in nappy rash. It soothes and calms irritated skin, promoting healing. Its cooling and moistening properties hydrate and relieve dryness | E78: cooling,moistening
B79: Chamomile | C79: Anti inflamtory,valunery | D79: contains active compounds like chamazulene and bisabolol that have anti-inflammatory properties. When applied topically or used as a wash, chamomile can reduce redness and inflammation associated with nappy rash. Its cooling and moistening qualities soothe and hydrate the skin, providing relief.
B80: Koromikp | C80: Anti inflamaotry,astrigent | D80: help decrease inflammation in the affected area. Its astringent properties create a protective barrier on the skin, preventing further irritation and promoting healing. The cooling and drying nature of koromiko aids in reducing excess moisture that can exacerbate nappy rash | E80: cooling drying
B81: Paud'arco | C81: Anti inflamaotry,anti fungal | D81: if nappy rash is complicated by fungal overgrowth. It can help combat fungal pathogens that may contribute to the rash. Simultaneously, its anti-inflammatory action reduces skin inflammation and discomfort. The cooling and drying properties support the healing process.
A84: Cardiovascular (???) | B84: Topically | C84: Agrimony | D84: Agrimonia eupatoria | E84: Astringent; Mild anti-inflammatory; Wound-healing support | F84: Used topically as washes or compresses to tone tissues and support local venous and capillary integrity in haemorrhoids or superficial venous issues | G84: Warming; Drying; Toning | H84: External use is generally very safe; avoid on deep or infected wounds without professional advice | I84: - | J84: - | K84: - | L84: -
A85: Cardiovascular | B85: Topically | C85: Arnica | D85: Arnica montana | E85: Anti-inflammatory; Analgesic; Circulatory stimulant topically | F85: Applied externally for bruising, sprains and local soft-tissue trauma affecting the vascular bed | G85: Warming; Moving; Penetrating | H85: For external use only on unbroken skin; internal use is toxic and contraindicated | I85: - | J85: - | K85: - | L85: -
A86: Cardiovascular | B86: Topically | C86: Calendula | D86: Calendula officinalis | E86: Vulnerary; Anti-inflammatory; Mild antimicrobial | F86: Used as topical creams, washes or oils to support healing of varicose eczema, fragile skin and local inflammation around veins | G86: Warming; Drying; Moves stagnation | H86: External use is very safe; avoid with known Asteraceae allergy | I86: - | J86: - | K86: - | L86: -
A87: Cardiovascular | B87: Topically | C87: Witchhazel | D87: Hamamelis virginiana | E87: Astringent; Capillary and venous tonic; Anti-inflammatory | F87: Applied topically as lotions or compresses to tone distended veins, haemorrhoids and superficial capillary fragility | G87: Cooling; Drying; Toning | H87: Generally safe for external use; may cause mild irritation in very sensitive skin | I87: - | J87: - | K87: - | L87: -
A90: Cold Sores Topically | B90: Calendula | C90: anti inflamatory,vulneary | D90: help reduce inflammation, relieve discomfort, and support the healing process. | E90: Cooling, Moistening
B91: Liquorice | C91: antiviral, anti-inflammatory, .vulneray | D91: can help inhibit the herpes simplex virus, reduce inflammation, and soothe the affected area. | E91: Cooling, Moistening
B92: Lemon Balm | C92: antiviral, anti-inflammatory, .vulneray | D92: can help reduce the duration and severity of outbreaks and provide relief from discomfort. | E92: cooling,drying
A95: Eczema topically | B95: Chickweed | D95: offers immediate relief from itching and inflammation associated with eczema. It forms a soothing, protective layer on the skin, helping to reduce irritation | E95: cooling ,moistening
B96: Calendula | D96: contains flavonoids and triterpenoids with anti-inflammatory properties that help reduce skin inflammation. Calendula also promotes tissue repair, making it beneficial for healing eczema-related skin damage.
A98: Skin Condition | B98: Fungal Infections | C98: Poroporo | D98: Solanum aviculare | E98: Traditionally antimicrobial; External skin application | F98: Used topically in traditional rongoā for fungal and skin infections | G98: Neutral; Slightly cooling; Drying | H98: Contains toxic glycoalkaloids; not for internal use | I98: - | J98: - | K98: - | L98: -
A99: Skin Condition | B99: Fungal Infections | C99: Calendula | D99: Calendula officinalis | E99: Antifungal; Anti-inflammatory; Lymphatic | F99: Supports healing of fungal skin infections with redness, irritation and poor tissue recovery | G99: Warming; Drying; Moves stagnation | H99: Very safe; caution with Asteraceae allergy | I99: 20 | J99: 40 | K99: mL | L99: 1:2
A100: Skin Condition | B100: Fungal Infections | C100: Thuja | D100: Thuja occidentalis | E100: Antifungal; Antimicrobial; Immune-modulating | F100: Used for chronic fungal skin infections, warty growths and immune sluggishness | G100: Warming to neutral; Drying; Moving | H100: Avoid in pregnancy; use low doses; caution with autoimmune conditions | I100: 5 | J100: 20 | K100: mL | L100: 1:2
A101: Skin Condition | B101: Fungal Infections | C101: Tea tree | D101: Melaleuca alternifolia | E101: Topical antifungal; Antimicrobial; Anti-inflammatory | F101: Excellent for tinea, candida, onychomycosis and fungal skin lesions when applied externally | G101: Warming; Drying; Penetrating | H101: External use only; avoid ingestion | I101: - | J101: - | K101: - | L101: -

Sheet Pregnacy and laction safe herbs
A1: herb | B1: pregnancy safe | C1: lactation
A2: Adhatoda | B2: contrindicated do not use
A3: Albizia | C3: monitor infant for GI symtpoms
A4: Andrographis | B4: Avoid in first trimester
A5: Arjuna | B5: contrindicated do not use | C5: contrindicated do not use
A6: Astragalus
A7: Baical Skullcap
A8: Baptisia
A9: Barberry | B9: contrindicated do not use | C9: contrindicated do not use
A10: Bearberry | B10: contrindicated do not use | C10: contrindicated do not use
A11: Bilberry
A12: Black Cohosh | B12: contrindicated do not use | C12: contrindicated do not use
A13: Black Walnut Hulls | B13: contrindicated do not use | C13: mointor infant
A14: Bladderwrack | B14: dose low end range | C14: dose: low end of range
A15: Blue Flag | B15: dose low end range | C15: dose low end of range
A16: Buchu | B16: use sparingly | C16: use sparingly
A17: Bugleweed | B17: contrindicated do not use | C17: contrindicated do not use
A18: Bupleurum | B18: caution in 1st trimester | C18: monitor infant
A19: Burdock | B19: dose low end range | C19: dose low end of range
A20: Butcher's Broom | C20: monitor infant
A21: Calendula | B21: low alchol extract | C21: low alchol extract
A22: California Poppy | B22: caution in 1st trimester | C22: monitor infant
A23: Cascara | B23: Contraindicated in 1st trimester,dose low end 2,3 trimester | C23: short term low dose only
A24: Cayenne | C24: monitor infant
A25: Celery Seed | B25: dose low end range | C25: monitor infant / use cautiously
A26: Chamomile
A27: Chaste Tree | B27: mixed evidence only 1st trimester and slowly taper dose | C27: <0.5mL/day
A28: Chen Pi | B28: stay within dose range
A29: Cinnamon Quills | B29: contrindicated do not use
A30: Clivers
A31: Codonopsis
A32: Coleus | B32: caution in 3rd trimester
A33: Corn Silk
A34: Corydalis | B34: contrindicated do not use
A35: Couch Grass
A36: Cramp Bark
A37: Crataeva | B37: dose low end range | C37: dose low end of range
A38: Damiana
A39: Dan Shen | B39: caution in 3rd trimester
A40: Dandelion Leaves
A41: Dandelion Root
A42: Devil's Claw | C42: Monitor infant for GI symptoms
A43: Dong Quai | B43: Contrindicated in 1st trimester | C43: Monitor due to hormonal effect
A44: Echinacea Angustifolia
A45: Echinacea Premium
A46: Echinacea Purpurea Glycetract
A47: Elder Flowers
A48: Elecampane
A49: Epilobium (Willow Herb)
A50: Euphorbia
A51: Eyebright
A52: False Unicorn | B52: avoid in last month | C52: monitor infant
A53: Fennel | B53: contrindicated do not use | C53: contrindicated do not use
A54: Fenugreek | B54: Avoid in first trimester
A55: Feverfew | B55: Contraindicated in 1st trimester,dose low end 2,3 trimester | C55: monitor infant
A56: Fringe Tree | C56: monitor infant
A57: Gentian
A58: Ginger | B58: stay within dose range
A59: Ginkgo Biloba | B59: caution in last month
A60: Globe Artichoke | C60: monitor infant
A61: Goat's Rue
A62: Golden Rod
A63: Golden Seal | B63: contrindicated do not use | C63: contrindicated do not use
A64: Golden Seal | B64: contrindicated do not use | C64: contrindicated do not use
A65: Gotu Kola | B65: not recommended in conception phase
A66: Greater Celandine | B66: contrindicated do not use | C66: contrindicated do not use
A67: Grindelia
A68: Gymnema | B68: caution in 1st trimester | C68: monitor infant
A69: Gynostemma | B69: contrindicated do not use
A70: Hawthorn Berries | B70: caution in 1st trimester | C70: monitor infant
A71: Hawthorn Leaves | B71: caution in 1st trimester | C71: monitor infant
A72: Hemidesmus
A73: Hops | C73: monitor infant
A74: Horsechestnut | C74: monitor infant
A75: Horseradish | B75: dose low end range | C75: dose low end of range
A76: Horsetail | B76: dose low end range ,short term | C76: dose low end of range ,short term
A77: Iberis
A78: Kava | B78: contrindicated do not use | C78: contrindicated do not use
A79: Korean Ginseng | B79: contrindicated do not use
A80: Ladies Mantle
A81: Lavender | B81: low end of range in 1st trimerster
A82: Lemon Balm
A83: Licorice | B83: cautiion >3ml /day | C83: do not exceed 3ml/day short term
A84: Licorice High Grade | B84: caution >1.5/day | C84: do not exceed 3ml/day short term
A85: Lime Flowers
A86: Marshmallow Root
A87: Marshmallow Root Glycetract
A88: Motherwort | B88: Avoid in first trimester
A89: Mullein
A90: Myrrh | B90: contrindicated do not use | C90: monitor infant
A91: Nettle Leaf
A92: Nettle Root
A93: Nigella | B93: contrindicated do not use | C93: monitor infant
A94: Oats Green
A95: Oats Seed
A96: Olive Leaves
A97: Oregon Grape | B97: contrindicated do not use | C97: contrindicated do not use
A98: Paeonia | B98: caution in 1st trimester
A99: Passionflower | B99: caution in 1st trimester | C99: monitor infant
A100: Pelargonium
...

Sheet womens health 
B1: Herbs | C1: Actions (Why?) | D1: Indications | E1: Energetic Properties | F1: Safety Precautions | G1: Therapeutic Dosage | H1: Ratio
A3: Amenorrhoea | B3: Black Cohosh Actaea racemosa | C3: hormone modulating ,antioxidant ,anti inflamatory Uterine tonic,antispasmodic | D3: hormonal imbalance and menstrual irregularities.- helping to regulate hormonal balance by influencing estrogen receptors. It also has antispasmodic properties, which can alleviate uterine muscle tension. Dysmenorrhoea,menopause Premenstrual syndrome | E3: Cooling ,bitter,downward,soothing | F3: contrindicated in pregnacy,lactation caution with oestorgen senstive tumours | G3: 10-20ml | H3: 1.2
B4: Chaste Tree Vitex agnus-castus | C4: Dopaminergic,Prolactin inhibitor,Progesterogenic (indirectly) | D4: Hormonal imbalances and luteal phase defects.acts on the pituitary gland, promoting the release of luteinizing hormone (LH) and thus supporting proper hormonal balance. Has a affinity for pitutiary gland and ovaries - | E4: Warming/netural ,bitter,upwards | F4: may aggravate pure spasmodic dysmenorrhoea not associated with PSM ,caution advise in 1st trimestor of pregnacy slowly taper off | G4: 5-20ml | H4: 1.2
B5: Dong Quai Angelica sinensis | C5: Uterine tonic, antiplatelet anti inflmatory | D5: Amenorrhea with blood stagnation and uterine deficiency promoting improved blood flow to the reproductive organs. It also has uterine relaxing properties, helping to relieve tension.has an affinity to blood circulation and reproductive organs | E5: Warming,pungent ,bitter noursing and expanding | F5: constraindicated during pregnacy , caution with heavy menstruation | G5: 30-60 | H5: 1.2
B6: Fennel Foeniculum vulgare | C6: Hormonal balance, digestive support. | D6: Amenorrhea with digestive issues and menstrual cramps is a carminative, helping to alleviate digestive discomfort and reduce bloating, which can indirectly impact menstrual regularity. Its antispasmodic properties can ease uterine muscle tension.tissue affintiy digestive and reproductive system | E6: Warming,sweet,bitter ,relaxing
B7: Motherwort Leonurus cardiaca | C7: emmenagogue,nervine,antispasmodic | D7: Amenorrhea due to stress, anxiety, and uterine tension, a nervine, helping to calm the nervous system and reduce stress. Its uterine relaxant properties can ease tension in the reproductive system targets the nervous and reproductive systems, particularly addressing stress-related amenorrhea. | E7: Neutral cooling ,bitter and sour ,relaxing and expanding | F7: caution during pregnacy | G7: 15-30ml | H7: 1.2
A9: Dysmenorrhoea | B9: Black CohoshActaea racemosa | C9: hormone modulating ,antioxidant ,anti inflamatory Uterine tonic | D9: Dysmenorrhea with hormonal imbalance and uterine spasms. Alleviates pain and discomfort associated with periods.Helping to alleviate uterine muscle spasms. | E9: Cooling,bitter,doward ,relaxing | F9: contrindicated in pregnacy,lactation caution with oestorgen senstive tumours | G9: 10-20ml | H9: 1.2
B10: Black Haw Viburnum prunifolium | C10: Ueterine antispasmodic,astringent | D10: Dysmenorrhea with uterine cramps and muscle tension due to its uterine relaxant and antispasmodicproperties , reducing uterine muscle contractions and relieving cramping. | E10: Cooling,bitter,relaxes and expanding | F10: N/A | G10: 10-30ml | H10: 1.2
B11: Blue Cohosh Caulophyllum thalictroides | C11: Antispasmodic,Emmenagogue,Ovarian tonic,uterine tonic | D11: Eases menstrual cramps and discomfort acts as a uterine tonic and antispasmodic, toning the uterus and relieving muscle spasms.. | E11: Cooling, bitter slightly sweet ,downward | F11: contraindicated during laction and pregnacy | G11: 10-20ml | H11: 1.2
B12: Chaste Tree Vitex agnus-castus | C12: Dopaminergic,Prolactin inhibitor,Progesterogenic (indirectly) | D12: Dysmenorrhea with hormonal imbalances and menstrual pain Alleviates pain and discomfort associated with periods by acting on the pituitary gland, helping to balance menstrual cycles and reduce pain. | E12: Neutral,warm,bitter,uplifting | F12: may aggravate pure spasmodic dysmenorrhoea not associated with PSM ,caution advise in 1st trimestor of pregnacy slowly taper off | G12: 5-20ml | H12: 1.2
B13: Corydalis,Corydalis yanhusuo | C13: Analgesic,Antispasmodic Sedative,relaxant | D13: Dysmenorrhea with severe pain and muscle tension has analgesic and muscle relaxant properties, easing pain and tension ,Relieves menstrual pain through its analgesic effect.Tissue affinity nervous system and muscles | E13: Warming,bitter,relaxing and expanding | F13: Contraindicated during pregnancy | G13: 20-60ml | H13: 1.2
B14: Saffron ( Crocus sativus ) | C14: Nervine tonic ,emmenagogue Analgesic,anti inflammatory,antioxidant,neruo protective | D14: provides relief of dysmennorhoea ,supports normal menstruation and contain compounds to suppport mood and irritablity assocaited with PMS | E14: warming,uplifting,soothing | F14: do not use in pregnancy or likely to become pregant | G14: 10-25ml | H14: 1.2
A15: Endometriosis | B15: Chaste Tree, Vitex agnus-castus | C15: Dopaminergic,Prolactin inhibitor,Progesterogenic (indirectly) | D15: Supports hormonal balance and reduces inflammation in endometriosis ,affects the pituitary gland to regulate hormones, potentially addressing hormonal imbalances. It also possesses anti-inflammatory properties.Primarily affects the reproductive and endocrine systems, promoting balance. | E15: Warming/netural ,bitter,upwards | F15: may aggravate pure spasmodic dysmenorrhoea not associated with PSM ,caution advise in 1st trimestor of pregnacy slowly taper off | G15: 5-20ml | H15: 1.2
B16: Corydalis,Corydalis yanhusuo | C16: Analgesic,Antispasmodic Sedative,relaxant | D16: Reduces inflammation and pain associated with endometriosis.contains analgesic and anti-inflammatory properties, making it effective for managing pain and discomfort.Targets the nervous system and muscles, providing relief from pain. | E16: Warming,bitter,relaxing and expanding | F16: Contraindicated during pregnancy | G16: 20-60ml | H16: 1.2
B17: Crampbark,Viburnum opulus | C17: Anti spasmodic,Astringent ,anti inflamaotry ,sedative | D17: Reduces muscular tension and inflammation in endometriosis. an antispasmodic and contains anti-inflammatory compounds, aiding in relieving muscle tension and inflammation.Focuses on the reproductive system and muscles, alleviating discomfort. | E17: Cooling,bitter,relaxes,expands | F17: N/A* | G17: 5-30ml | H17: 1.2
B18: Dong Quai,Angelica sinensis | C18: Uterine tonic, antiplatelet anti inflmatory | D18: Supports hormonal balance and reduces inflammation in endometriosis.contributes to hormonal balance and exhibits anti-inflammatory effects, benefiting hormonal imbalances and inflammation.Primarily targets the reproductive and circulatory systems, promoting equilibrium. | E18: Warming,pungent,slightl bitter,nourishin and expanding | F18: constraindicated during pregnacy , caution with heavy menstruation
B19: Ginger,Zingiber officinale | C19: Anti inflammatory,Antispasmodic,Digestive,carminative,peripheral circulatory | D19: Reduces inflammation and promotes circulation in endometriosis.anti-inflammatory properties manage inflammation associated with endometriosis. Its circulation-enhancing effects aid healing. Focuses on the circulatory system, supporting healing and relief. | E19: Warming,pungent,expanding and stimulating | F19: caution with peptic ulcer,gallstone and pregnacy | G19: 5-15ml | H19: 1.2
B20: Lady's Mantle,Alchemilla vulgaris | C20: anti haemorrhagic,ant inflmmatory,astringent | D20: Reduces excessive bleeding and inflammation in endometriosis.astringent properties help control heavy bleeding. Its anti-inflammatory effects contribute to symptom relief. Targets the reproductive system, helping manage bleeding and inflammation. | E20: Cooling,bitter,contracting and relaxing | F20: N/A* | G20: 25-50,l | H20: 1.2
B21: Paeony,Paeonia lactiflora | C21: Anti inflammatory,Antispasmmodic,Oestrogen modulator,Skeletal muscle relaxant , | D21: Reduces inflammation and supports hormonal balance in endometriosis.anti-inflammatory properties and potential hormone-balancing effects contribute to symptom relief.Primarily targets the reproductive system, supporting hormonal balance and comfort. | E21: Cooling,bitter and slighlt sour,nourishing | F21: N/A* | G21: 25-75ml | H21: 1.2
B22: Thuja,Thuja occidentalis | C22: Anti inflamatory | D22: Reduces inflammation and supports healing. anti-inflammatory properties help manage inflammation linked to endometriosis. Its healing support aids in tissue recovery.Focuses on healing tissues and managing inflammation. | E22: cooling,slightly bitter contracting ,inwards | F22: contrindicated in pregnacy,lactation | G22: 10-20ml | H22: 1.5
B23: Turmeric , Curcuma longa | C23: Anti inflammatory,antioxidant , | D23: Turmeric contains curcumin, which has anti-inflammatory properties and may help alleviate pain associated with endometriosis.have potential benefits in reducing adhesions Primarily targets inflammatory processes and pain pathways. | E23: warming ,pungent | F23: N/A* | G23: 35-90ml | H23: 1.1
A25: Fertility | B25: Black Cohosh (Actaea racemosa) | C25: hormone modulating ,antioxidant ,anti inflamatory Uterine tonic | D25: Supports reproductive health and fertility.aids in hormonal balance, potentially supporting ovulation and menstrual regularity. Its adaptogenic properties can promote overall reproductive health. | E25: Cooling ,bitter,downward,soothing | F25: contrindicated in pregnacy,lactation caution with oestorgen senstive tumours | G25: 10-20ml | H25: 1.2
B26: Chaste Tree (Vitex agnus-castus) | C26: Dopaminergic,Prolactin inhibitor,Progesterogenic (indirectly) | D26: Supports reproductive health and hormonal balance.acts on the pituitary gland, promoting balanced hormone production. It's particularly beneficial for regulating menstrual cycles and supporting fertility. | E26: Warming/netural ,bitter,upwards | F26: may aggravate pure spasmodic dysmenorrhoea not associated with PSM ,caution advise in 1st trimestor of pregnacy slowly taper off | G26: 5-20ml | H26: 1.2
B27: Dong Quai (Angelica sinensis) | C27: Uterine tonic, antiplatelet anti inflmatory | D27: Supports reproductive health and fertility.mproves blood circulation to the reproductive organs, supporting fertility and overall reproductive health. It has tonifying effects on the uterus. | E27: Warming,pungent ,bitter noursing and expanding | F27: constraindicated during pregnacy , caution with heavy menstruation | G27: 30-60ml | H27: 1.2
B28: False Unicorn Root (Chamaelirium luteum) | C28: uterine tonic,ovarian tonic,oestrogen modulating | D28: Supports reproductive health and fertility.traditional use for promoting reproductive health and fertility. It may support overall uterine health and function. | E28: Neutral,cooling,slightly bitter,contracting and relaxing | F28: N/A* | G28: 15-40ml/wk | H28: 1.2
B29: Liquorice (Glycyrrhiza glabra) | C29: anti inflammatory,adrenal tonic,spasmolytic | D29: Supports hormonal balance and fertility.contains compounds that can help balance hormones by supporting the adrenal glands, which are crucial for hormonal health and fertility.Primarily affects the endocrine system, aiding in balance. | E29: Neutral,seet,noursihing and tonifying | F29: Contraindicated with hypertension, hypokalaemia, oedema, congestive heart failure | G29: 10-30ml | H29: 1.1
B30: Paeony (Paeonia lactiflora) | C30: Anti inflammatory,Antispasmmodic,Oestrogen modulator,Skeletal muscle relaxant , | D30: Supports reproductive health and hormonal balance.anti-inflammatory and hormonal-balancing effects support menstrual regularity and overall reproductive health, potentially enhancing fertility. | E30: Cooling,bitter and slighlt sour,nourishing | F30: N/A* | G30: 25-75 | H30: 1.2
B31: Saw Palmetto (Serenoa serrulata) | C31: hormone modulating | D31: Supports reproductive health and hormonal balance. may support hormonal balance by inhibiting the conversion of testosterone to dihydrotestosterone (DHT), potentially influencing reproductive health. | E31: Warming,bitter and slightly sweet ,contracting
B32: Shatavari (Asparagus racemosa) | C32: adaptogen,female sexual tonic,antispasmodic, | D32: Supports reproductive health and hormonal balance.adaptogenic herb that supports the female reproductive system by promoting hormonal balance,libido and enhancing fertility. | E32: cooling,sweet slightly bitter,Nourishing and expanding | F32: caution in GORD | G32: 30-60ml | H32: 1.2
B33: Wild Yam (Dioscorea villosa) | C33: anti inflamtory,anti spasmolytic,oestrogen modulating | D33: Supports reproductive health and hormonal balance.contains compounds (sterodial saponins) that can be converted into hormones like progesterone, which play a crucial role in supporting fertility and reproductive health. | E33: neutral warm ,bitter,tonifying and nourishing | F33: caution in GORD | G33: 20-40ml | H33: 1.2
A35: Fibrocystic Breast | B35: Chaste Tree (Vitex agnus-castus) | C35: Dopaminergic,Prolactin inhibitor,Progesterogenic (indirectly) | D35: Supports hormonal balance and reduces symptoms. acts on the pituitary gland to regulate hormones, potentially reducing the symptoms associated with hormonal fluctuations causing fibrocystic breasts. | E35: Warming/netural ,bitter,upwards | F35: may aggravate pure spasmodic dysmenorrhoea not associated with PSM ,caution advise in 1st trimestor of pregnacy slowly taper off | G35: 5-20ml | H35: 1.2
B36: Echinacea (Echinacea spp.) | C36: ant inflammatory,immune enhancer,immune modulator,lymphatic | D36: Supports immune function and reduces inflammation in fibrocystic breasts.immune-enhancing properties may assist in reducing inflammation and supporting overall breast health.Primarily targets the immune system, aiding in inflammation reduction. | E36: cooling,bitter,slightly pungent ,work outward ,dispersing | F36: N/A* | G36: 20-100 | H36: 1.2
B37: Paeony (Paeonia lactiflora) | C37: Anti inflammatory,Antispasmmodic,Oestrogen modulator,Skeletal muscle relaxant , | D37: Supports hormonal balance and reduces symptoms.Paeony's anti-inflammatory and hormonal-balancing effects can alleviate symptoms of hormonal imbalances contributing to fibrocystic breasts. | E37: Cooling,bitter and slighlt sour,nourishing | F37: N/A* | G37: 25-75ml | H37: 1.2
B38: Thuja (Thuja occidentalis) | C38: Anti inflammatory | D38: Reduces inflammation and discomfort in fibrocystic breasts. anti-inflammatory properties may help manage inflammation and alleviate discomfort associated with fibrocystic breasts. | E38: cooling,slightly bitter,contracting and calming | F38: contrindicated in pregnacy,laction | G38: 10-20ml | H38: 1.2
A40: Fibroids | B40: Chaste Tree (Vitex agnus-castus) | C40: Dopaminergic,Prolactin inhibitor,Progesterogenic (indirectly) | D40: Supports hormone balance and may help manage symptoms of fibroids.on the pituitary gland, regulating hormones and potentially assisting in reducing symptoms associated with hormone-related conditions like fibroids. | E40: Warming/netural ,bitter,upwards | F40: may aggravate pure spasmodic dysmenorrhoea not associated with PSM ,caution advise in 1st trimestor of pregnacy slowly taper off | G40: 5-20ml | H40: 1.2
B41: Echinacea (Echinacea spp.) | C41: ant inflammatory,immune enhancer,immune modulator,lymphatic | D41: Supports immune function and may aid in managing symptoms of fibroids. immune-enhancing properties may contribute to overall health and symptom management. | E41: cooling,bitter,slightly pungent ,work outward ,dispersing | F41: n/A* | G41: 20-100ml | H41: 1.2
B42: Greater Celandine (Chelidonium majus) | C42: Anti inflammatory | D42: May assist in managing inflammation and discomfort associated with fibroids.contains compounds that may help manage inflammation and alleviate discomfort.can help support the liver Primarily targets affected tissues, aiding in discomfort management. | E42: Cooling,bitter,contracting and calming | F42: Avoid long term use | G42: 10-20ml | H42: 1.2
B43: Lady's Mantle (Alchemilla vulgaris) | C43: anti haemorrhagic,ant inflmmatory,astringent | D43: May support hormonal balance and alleviate symptoms of fibroids.astringent properties may help regulate excessive bleeding often associated with fibroids. | E43: cooling,slightly bitter ,contracting and relaxing manner | F43: N/A* | G43: 25-50ml | H43: 1.2
B44: Rosemary (Rosmarinus officinalis) | C44: antioxidant,cirulatory stimulant,hepatoprotective | D44: Supports circulation and may aid in managing symptoms of fibroids.Rosemary's warming qualities enhance circulation and may contribute to comfort. | E44: warming, stimulation aromatic | F44: take away from mineral supplements | G44: 15-30 | H44: 1.2 | I44: war
B45: Schisandra (Schisandra chinensis) | C45: adaptogen,antioxidant,nervine ,heapatoprotective | D45: Supports liver health and may aid in managing symptoms of fibroids supports liver function, potentially assisting in managing hormonal imbalances that can contribute to fibroids.Primarily targets the liver and endocrine system, promoting balance. | E45: neutral,sour,nourishing | F45: contranidicated in pregnacy | G45: 25-60ml | H45: 1.2
B46: Thuja (Thuja occidentalis) | C46: Anti inflammatory | D46: anti-inflammatory properties may help manage inflammation and alleviate discomfort associated with fibroids.Shown to reduce the sixe of fibroids | E46: cooling,slightly bitter,contracting and calming | F46: contrindicated in pregnacy,laction | G46: 10-20ml | H46: 1.2
B47: Calendula (Calendula officinalis) | C47: anti inflammatory ,haemostatic | D47: May assist in managing inflammation and discomfort associated with fibroids due to its potential affinity for the uterus.can assit in reduce the size of fibroids it has anti-inflammatory properties might be beneficial for managing inflammation and discomfort in the uterus, potentially helping with symptoms related to fibroids. | E47: Neutral,cooling downward | F47: caution with topical -allergy | G47: 10-25ml | H47: 1.2
A49: Mastalgia | B49: Blue Cohosh (Caulophyllum thalictroides) | C49: Antispasmodic,Emmenagogue,Ovarian tonic,uterine tonic | D49: May help alleviate breast pain (mastalgia) associated with hormonal fluctuations.believed to possess analgesic properties that might offer relief from breast pain related to hormonal changes.Primarily targets the circulatory system, supporting potential discomfort relief. | E49: warming,bitter,relaxing and soothing | F49: contraindicated during laction and pregnacy | G49: 10-20ml | H49: 1.2
B50: Butcher's Broom (Ruscus aculeatus) | C50: Anti inflammatory,venous tonic | D50: May assist in improving circulation and reducing breast pain (mastalgia).circulation-enhancing effects could potentially alleviate breast pain by promoting better blood flow to the area. | E50: Cooling, | F50: caution with GORD | G50: 25-50ml | H50: 1.2
B51: Chaste Tree (Vitex agnus-castus) | C51: Dopaminergic,Prolactin inhibitor,Progesterogenic (indirectly) | D51: May help balance hormones and reduce breast pain (mastalgia) associated with hormonal imbalances. hormone-balancing effects might contribute to reducing breast pain linked to hormonal fluctuations. | E51: Warming/netural ,bitter,upwards | F51: may aggravate pure spasmodic dysmenorrhoea not associated with PSM ,caution advise in 1st trimestor of pregnacy slowly taper off | G51: 5-20ml | H51: 1.2
B52: Ginkgo (Ginkgo biloba) | C52: antioxidant,circulatory stimulant ,adaptogen ,anxiolytic,tissue perfusion enhancer | D52: May help improve circulation and reduce breast pain (mastalgia).circulation-enhancing effects may assist in reducing breast pain by promoting better blood flow to the area.Targets the circulatory system and nervous system, contributing to potential discomfort relief. | E52: neutral cooling | F52: N/A* | G52: 30-60ml | H52: 3.2
B53: Paeony (Paeonia lactiflora) | C53: Anti inflammatory,Antispasmmodic,Oestrogen modulator,Skeletal muscle relaxant , | D53: May assist in alleviating breast pain (mastalgia) due to its potential anti-inflammatory and hormone-balancing effects.contains compounds with anti-inflammatory properties that could help reduce breast pain. may support hormonal balance, which could contribute to managing pain related to hormonal fluctuations. | E53: Cooling,bitter and slighlt sour,nourishing | F53: N/A* | G53: 25-75ml | H53: 1.2
A55: Menopause | B55: Alfalfa (Medicago sativa) | D55: May provide nutrients and support overall well-being during menopause. nutrient-rich herb that may contribute to maintaining vitality and health during the menopausal transition.Provides a range of nutrients to support various bodily systems. | E55: Neutral/coolning,mild sweet,nourshing, supporting
B56: Black Cohosh (Actaea racemosa) | C56: hormone modulating ,antioxidant ,anti inflamatory Uterine tonic | D56: Supports hormonal balance and may alleviate menopausal symptoms.contains compounds that interact with estrogen receptors, potentially reducing hot flashes and other menopausal discomforts.Primarily targets the endocrine and reproductive systems, supporting balance. | E56: Cooling ,bitter,downward,soothing | F56: contrindicated in pregnacy,lactation caution with oestorgen senstive tumours | G56: 10-20ml | H56: 1.2
B57: Chaste Tree (Vitex agnus-castus) | C57: Dopaminergic,Prolactin inhibitor,Progesterogenic (indirectly) | D57: Supports hormonal balance and eases menopausal symptoms.acts on the pituitary gland, influencing hormonal regulation and potentially reducing menopausal discomfort.Primarily targets the endocrine system, promoting balance. | E57: Warming/netural ,bitter,upwards | F57: may aggravate pure spasmodic dysmenorrhoea not associated with PSM ,caution advise in 1st trimestor of pregnacy slowly taper off | G57: 5-20ml | H57: 1.2
B58: Dong Quai (Angelica sinensis) | C58: Uterine tonic, antiplatelet anti inflmatory | D58: Supports hormonal balance and may alleviate menopausal symptoms.contains phytoestrogens that can support hormonal equilibrium and address menopausal discomforts. | E58: Warming,pungent ,bitter noursing and expanding | F58: constraindicated during pregnacy , caution with heavy menstruation | G58: 30-60ml | H58: 1.2
B59: False Unicorn Root (Chamaelirium luteum) | C59: uterine tonic,ovarian tonic,oestrogen modulating | D59: Traditionally used to support reproductive health during menopause.contains steroidal saponins, such as chamaelirium and aglycone diosgenin, which are believed to have hormonal-regulating effects. Primarily targets the reproductive system, potentially supporting hormonal balance. | E59: Neutral,cooling,slightly bitter,contracting and relaxing | F59: N.A* | G59: 15-40ml | H59: 1.2
B60: Hops (Humulus lupulus): | C60: bitter,antispamodic,hynotic,oestrogen modulator | D60: May help alleviate menopausal symptoms, including hot flashes and insomnia.contain compounds that can assist in managing symptoms like hot flashes and promoting relaxation.Primarily targets the nervous system, promoting relaxation. | E60: cooling,bitter,calming and relaxing | F60: N.A* | G60: 10-25mls | H60: 1.2
B61: Kava (Piper methysticum) | C61: anxiolytic,hypnotic,sedative,skeletal muscle relaxant | D61: Traditionally used for its potential calming effects on anxiety and stress.anxiolytic properties may support emotional well-being during menopause.can also be used for anxiety in PMS Primarily targets the nervous system, promoting relaxation. | E61: cooling ,bitter, and pungent ,calming | F61: Caution in pregnancy, breastfeeding, Parkinson's Disease or liver disease | G61: 20-60ml | H61: 1.2
B62: Korean Ginseng (Panax ginseng) | C62: adaptogen,cognition enhancer ,tonic | D62: Supports energy and hormonal balance.an adaptogen that may provide energy and resilience during the menopausal transition.Traditionally used for energy support during times of stress.Primarily targets the energy systems of the body. | E62: warming,stimulating,bitter,slight seet and tonifying | F62: caution during infection with stimulants | G62: 5-15ml | H62: 1.2
B63: Kudzu (Pueraria lobata) | C63: anti inflammatory,hepatoprotecitve,hypoglycaemic,neuroprotective,phytoestrogen | D63: Contains phytoestrogens that may offer hormonal support during menopause.phytoestrogen content could assist in addressing hormonal imbalances during menopause.Primarily targets the endocrine and reproductive systems. | E63: cooling,sweet and slightly bitter,expanding | F63: avoid in pregnacy,CYP450 inhibitor | G63: 25-70ml | H63: 1.2
B64: Lady's Mantle (Alchemilla vulgaris) | C64: anti haemorrhagic,ant inflmmatory,astringent | D64: May support hormonal balance and alleviate menopausal symptoms.ontains astringent compounds that might assist in regulating excessive bleeding often associated with menopausemay also me useful for urinary incontience seen in post menopausal women | E64: cooling,astrignent,slightly bitter and contracting | F64: N.A* | G64: 25-50ml | H64: 1.2
B65: Paeony (Paeonia lactiflora) | C65: Anti inflammatory,Antispasmmodic,Oestrogen modulator,Skeletal muscle relaxant , | D65: Supports hormonal balance and may alleviate menopausal symptoms.anti-inflammatory and hormonal-balancing effects could assist in managing menopausal discomfort. | E65: Cooling,bitter and slighlt sour,nourishing | F65: N.A*
B66: Sage (Salvia officinalis) | C66: Antioxidant,antispasmodic,antihidotic | D66: raditionally used to manage menopausal symptoms, especially hot flashes and night sweats.astringent and cooling properties may assist in managing heat-related symptoms.Primarily targets heat-related symptoms and overall equilibrium. | E66: cooling,drying,bitter,aromatic ,contracting | F66: contrindicated in pregnacy,lactation except ot inhibt milk flow | G66: 20-40ml | H66: 1.2
B67: Shatavari (Asparagus racemosa) | C67: adaptogen,female sexual tonic,antispasmodic, | D67: Traditionally used for female reproductive health and hormonal balance. adaptogenic and hormone-balancing properties may support comfort during menopause.improve symtpom of low oestrogen levels ,can help low libdo | E67: cooling,sweet slightly bitter,Nourishing and expanding | F67: caution in GORD | G67: 30-60ml | H67: 1.2
B68: St. John's Wort (Hypericum perforatum) | C68: Antidepressant anxiolytic,hypnotic,sedative/relaxant | D68: Traditionally used to manage mood disturbances and emotional well-being during menopause.contains compounds that may have antidepressant and mood-stabilizing effects, which can be helpful for managing emotional symptoms associated with menopause.Primarily targets the nervous system and emotions. | E68: warming,uplifting,soothing
B69: Wild Yam (Dioscorea villosa) | C69: anti inflamtory,anti spasmolytic,oestrogen modulating | D69: a source of diosgenin, which can be converted into progesterone and potentially assist in hormonal balance during menopause.used for hormonal support and addressing menopausal symptoms. | E69: neutral warm ,bitter,tonifying and nourishing | F69: caution in GORD | G69: 20-40ml | H69: 1.2
A71: Menorrhagia | B71: Chaste Tree (Vitex agnus-castus) | C71: Dopaminergic,Prolactin inhibitor,Progesterogenic (indirectly) | D71: Chaste Tree's hormone-regulating effects can help balance menstrual flow and potentially reduce excessive bleeding. | E71: Warming/netural ,bitter,upwards | F71: may aggravate pure spasmodic dysmenorrhoea not associated with PSM ,caution advise in 1st trimestor of pregnacy slowly taper off | G71: 5-20ml | H71: 1.2
B72: Lady's Mantle (Alchemilla vulgaris) | C72: anti haemorrhagic,ant inflmmatory,astringent | D72: Supports menstrual flow and may reduce heavy bleeding.ontains astringent compounds that can help tone and support the uterine lining, potentially reducing heavy menstrual bleeding.Primarily targets the reproductive system and uterine tissues | E72: cooling,slightly bitter ,contracting and relaxing manner | F72: N.A* | G72: 25-50ml | H72: 1.2
B73: Paeony (Paeonia lactiflora) | C73: Anti inflammatory,Antispasmmodic,Oestrogen modulator,Skeletal muscle relaxant , | D73: Supports menstrual flow and reduces excessive bleeding. astringent and hormonal-balancing effects might assist in reducing heavy menstrual bleeding. | E73: Cooling,bitter and slighlt sour,nourishing | F73: N/A* | G73: 25-75ml | H73: 1.2
B74: Shepherd's Purse (Capsella bursa-pastoris) | C74: Antihaemorrhagic,Astringent | D74: Menorrhagia, Metrorrhagia Supports menstrual flow and reduces heavy bleeding.known for its hemostatic properties, which can help reduce excessive menstrual bleeding. | E74: cooling.astringent,cooling,contracting | F74: caution in pregnacy and breastfedding | G74: 30-90ml | H74: 1.2
B75: Tienchi Ginseng (Panax notoginseng) | C75: Antihaemorrhagic,Anti-inflammatory | D75: Supports circulation and normalizes menstrual flow.circulatory effects can support overall blood flow and potentially help normalize menstrual bleeding. | E75: Neutral,warm,slightly bitter,stimulating and tonifying | F75: Contrainicared in pregnacy,high doses may cause nervousness and sleepessness | G75: 30-60ml | H75: 1.2
B76: Yarrow (Achillea millefolium) | C76: Anti-inflammatory,Antihaemorrhagic,Antispasmodic,astringent | D76: Menorrhagia,Supports normal menstrual flow and reduces bleeding due to the herbal actions it can help tone and reduce heavy menstrual bleeding. | E76: netural,cooling,bitter,contracting | F76: N.A*
A78: Menstrual Irregularity | B78: Chaste Tree (Vitex agnus-castus) | C78: Dopaminergic,Prolactin inhibitor,Progesterogenic (indirectly) | D78: Supports hormonal balance and menstrual regularity.hormone-regulating effects can assist in normalizing menstrual cycles by influencing the balance of reproductive hormones. Usueful in PMS with fuild retention ,breast pain | E78: Warming/netural ,bitter,upwards | F78: may aggravate pure spasmodic dysmenorrhoea not associated with PSM ,caution advise in 1st trimestor of pregnacy slowly taper off | G78: 5-20ml | H78: 1.2
B79: Dong Quai (Angelica sinensis) | C79: Uterine tonic, antiplatelet anti inflmatory | D79: Supports hormonal balance and menstrual regularity. phytoestrogens and hormonal-balancing effects can help address irregularities in the menstrual cycle. | F79: constraindicated during pregnacy , caution with heavy menstruation | G79: 30-60ml | H79: 1.2
B80: Paeony (Paeonia lactiflora) | C80: Anti inflammatory,Antispasmmodic,Oestrogen modulator,Skeletal muscle relaxant , | D80: Supports hormonal balance and menstrual regularity. hormonal-balancing and anti-inflammatory effects might assist in regulating menstrual cycles and addressing irregularities. | F80: N/a* | G80: 25-75ml | H80: 1.2
B81: Feverfew (tanacetum pathenium ) | C81: Anti inflammatory,emmenagogue, | D81: Traditionally used for reducing pain and managing cyclic migraines.contains compounds believed to have anti-inflammatory and prostaglandin-inhibiting effects.Targets inflammatory processes and pain pathways. | F81: caution during pregnancy ,contraindicated in known sensitivty to feverfew /compositae family | G81: 5-15ml | H81: 1.5
A83: PMS | B83: Lavender (lavandula officinalis ) | C83: anxiolytic,carminative, | D83: Anxiety,depression,insomina Traditionally used for its calming and soothing effects during PMS. potentially assisting in managing mood and stress-related symptoms associated with PMS.Primarily targets the nervous system and emotions. | E83: cooling,calming,soothing | F83: N/A* | G83: 15-30 | H83: 1.2
B84: Valerian (valerian offinalis ) | C84: anxiolytic,hypnotic,sedative/relaxant | D84: PMS Traditionally used for its calming and sedative effects during PMS.have sedative and anxiolytic effects, helping to manage stress, anxiety, and sleep disturbances associated with PMS.Primarily targets the nervous system, promoting relaxation. | E84: cooling,relaxing,bitter,calming | F84: N/A* | G84: 15-50ml | H84: 1.2
B85: Skullcap (scutellaria laterifolia ) | C85: Nervine,sedative,relaxant | D85: nervine and anxiolytic properties can help manage nervous tension, irritability, and anxiety related to PMS.Traditionally used for its calming effects on nervous tension and irritability during PMS.Primarily targets the nervous system and emotions. | E85: cooling,calming,bitter,soothing | F85: N/A* | G85: 15-30 | H85: 1.2
B86: Withania (Withania somnifera) | C86: adaptogen,sedative/relaxant, | D86: Traditionally used for its adaptogenic effects, supporting stress adaptation during PMS.adaptogenic properties can help the body manage stress and support hormonal balance during PMS.Targets the endocrine and nervous systems. | E86: netural,bitter,astrignent,balancing and tonifying | F86: N/A* | G86: 10-25ml | H86: 3.2
B87: Passionflower (passionflor incarnata ) | C87: anxiolytic,hypnotic,sedative/relaxant | D87: Passionflower's compounds have relaxing and sedative properties, potentially assisting in managing anxiety and tension associated with PMS.Primarily targets the nervous system and emotions. | E87: cooling,calming,bitter | F87: N/A* | G87: 15-40ml | H87: 1.2
B88: St. John's Wort ( Hypericum perforatum) | C88: Antidepressant anxiolytic,hypnotic,sedative/relaxant | D88: PMS,Menopause,Anxiety,depression Traditionally used for managing mood disturbances and emotional well-being during PMS.contains compounds with potential antidepressant and mood-stabilizing effects, assisting in managing emotional symptoms associated with PMS.Primarily targets the nervous system and emotions. | E88: warming,uplifting,soothing | F88: N/A* | G88: 20-50 | H88: 1.2
B89: Saffron ( Crocus sativus ) | C89: Nervine tonic ,emmenagogue Analgesic,anti inflammatory,antioxidant,neruo protective | D89: Traditionally used for its potential mood-enhancing effects during PMS.contains compounds that may have mood-enhancing effects, helping to manage emotional symptoms like irritability and mood swings associated with PMS.Primarily targets the nervous system and emotions. | E89: warming,uplifting,soothing | F89: do not use in pregnacy or likely to become pregant | G89: 10-25ml | H89: 1.2
A91: PCOS | B91: Saw Palmetto (Serenoa repens ) | C91: Anti inflammatory ,antiadrogenic ,antispasmodic | D91: Potential improvement in androgenic alopecia, useful in hirsutism associated with PCOS.has androgen-modulating effects and may improve hair loss and excessive hair growth related to excess androgens. | E91: Warming,bitter and slightly sweet ,contracting | F91: N/A* | G91: 15-30ml | H91: 1.2
B92: Smilax spp. (Sarsaparilla): | C92: anti androgenic ,anti inflamatory | D92: May potentially block androgen effects in conditions like PCOS.elieved to have anti-androgenic effects, which could be beneficial in conditions where excess androgens play a role. | F92: caution with GORD | G92: 25-60m | H92: 1.2
B93: Turnera aphrodisiaca (Damiana): | C93: nervine,general tonic ,thymoleptic, anti adrogenic | D93: May potentially block androgen effects in conditions like PCOS.believed to have anti-androgenic effects, which could be beneficial in conditions where excess androgens play a role. | F93: N/A* | G93: 20-40ml | H93: 1.2
B94: Glycyrrhiza glabra (Licorice): | C94: anti inflammatory,adrenal tonic,spasmolytic | D94: Supports hormonal balance, inhibits androgen production, aids in estrogen balance in PCOS.contains compounds that can inhibit androgen production and support hormonal balance. | F94: Contraindicated with hypertension, hypokalaemia, oedema, congestive heart failure | G94: 10-30ml | H94: 1.1
B95: Galega officinalis (Goat's Rue): | C95: antidiabetic,hypoglycaemic | D95: Potential improvement in glucose tolerance.may support blood sugar regulation and improve glucose tolerance.Primarily targets metabolic and endocrine systems. | E95: cooling,drying, | F95: caution with insulin or diabetic mediction | G95: 30-60ml | H95: 1.2
B96: gymnema (gymema sylvestre ) | C96: antidiabetic,hypoglycaemic | D96: May aid in blood sugar regulation,Potential support for blood sugar regulation.helpful to combat sugar cravings and aid in weight loss | E96: netural,cooling | F96: caution with GORD | G96: 20-70ml | H96: 1.2
B97: Fenugreek (trignoella foenum gracum) | C97: anti inflamtory ,hypoglycaemic ,hypolipidamic | D97: ontains compounds that may help improve insulin sensitivity, potentially assisting in better blood sugar control Primarily targets metabolic and endocrine systems, specifically focusing on insulin-related pathways. | E97: warming, | F97: caution with GORD | G97: 30-80ml | H97: 1.2
B98: Hops (humulus) | C98: Antispasmodic,oestorgen modulator ,bitter ,hypnotic sedative | D98: useful when stress and nervous tension acomany pcos , reduces LH with contiune use reduction of adrogen in pcos | E98: cooling,calming,bitter | F98: N/A* | G98: 10-25ml | H98: 1.2
A99: overian cyst | B99: False unicorn root chamalirium luteum | C99: uterine tonic,ovarian tonic,oestrogen modulating | D99: Potential effects on hormonal balance and reproductive health could contribute to supporting normal follicular development and reducing the likelihood of cyst formation. | E99: Neutral,cooling,slightly bitter,contracting and relaxing | F99: N/A* | G99: 15-40ml | H99: 1.2
B100: paeonia lactiflore | C100: Anti inflammatory,Antispasmmodic,Oestrogen modulator,Skeletal muscle relaxant , | D100: normalise follucular development effecton aromastase enzyme and may prevetnt cyst formation | E100: Cooling,bitter and slighlt sour,nourishing | F100: N/A* | G100: 25-75ml | H100: 1.2

Sheet _x000a_Urinary System_x000a_Urinary System
B1: Herbs | C1: Actions | D1: Indications | E1: Energetic Properties | F1: Safety Precautions | G1: Therapeutic Dosage | H1: Ratio
